Symbol,price_reduced,size,timestamp
ASH,0.0,100,1
NTRS,76.6,4,1
NTRS,76.6,15,1
NTRS,76.7,50,1
NTRS,77.6,1,1
NTRS,78.3,50,1
NTRS,78.5,6,1
NTRS,78.8,38,1
NTRS,78.8,50,1
NTRS,78.8,100,1
NTRS,78.8,162,1
NTRS,79.3,9,1
NTRS,79.3,100,1
NTRS,79.6,50,1
NTRS,80.0,1,1
NTRS,80.3,27,1
NTRS,80.9,2,1
NTRS,81.5,1,1
NTRS,81.5,100,1
NTRS,82.0,12,1
NTRS,82.1,1,1
NTRS,82.6,100,1
NTRS,82.8,2,1
NTRS,83.1,1,1
NTRS,76.1,23,1
NTRS,75.6,100,1
NTRS,75.6,84,1
NTRS,75.3,13,1
NTRS,73.2,50,1
NTRS,73.4,100,1
NTRS,73.7,9,1
NTRS,73.7,10,1
NTRS,73.7,15,1
NTRS,74.0,1,1
NTRS,74.0,7,1
NTRS,74.0,11,1
NTRS,74.0,50,1
NTRS,74.2,4,1
NTRS,74.2,5,1
NTRS,83.4,4,1
NTRS,74.2,12,1
NTRS,74.2,39,1
NTRS,74.2,44,1
NTRS,74.5,3,1
NTRS,74.5,11,1
NTRS,74.5,13,1
NTRS,74.5,22,1
NTRS,74.5,65,1
NTRS,74.5,900,1
NTRS,74.8,1,1
NTRS,74.8,26,1
NTRS,74.8,100,1
NTRS,74.2,24,1
NTRS,73.2,33,1
NTRS,83.4,43,1
NTRS,83.9,4,1
NTRS,88.2,57,1
NTRS,88.2,67,1
NTRS,88.2,76,1
NTRS,88.2,89,1
NTRS,88.2,96,1
NTRS,88.2,157,1
NTRS,88.5,2,1
NTRS,88.5,7,1
NTRS,88.5,43,1
NTRS,88.5,100,1
NTRS,88.7,6,1
NTRS,89.0,3,1
NTRS,89.0,6,1
NTRS,89.0,30,1
NTRS,89.3,2,1
NTRS,89.5,5,1
NTRS,90.0,100,1
NTRS,90.1,12,1
NTRS,90.9,2,1
NTRS,91.1,74,1
NTRS,91.1,91,1
NTRS,91.3,100,1
NTRS,91.4,1,1
NTRS,88.2,49,1
NTRS,88.2,36,1
NTRS,88.2,34,1
NTRS,88.2,33,1
NTRS,83.9,1000,1
NTRS,84.7,2,1
NTRS,85.0,12,1
NTRS,85.0,100,1
NTRS,85.8,100,1
NTRS,86.0,9,1
NTRS,86.3,4,1
NTRS,86.3,6,1
NTRS,86.3,56,1
NTRS,86.6,40,1
NTRS,86.8,1,1
NTRS,83.6,50,1
NTRS,87.1,8,1
NTRS,87.2,100,1
NTRS,87.7,2,1
NTRS,87.7,3,1
NTRS,88.1,10,1
NTRS,88.2,1,1
NTRS,88.2,7,1
NTRS,88.2,11,1
NTRS,88.2,19,1
NTRS,88.2,22,1
NTRS,88.2,28,1
NTRS,88.2,29,1
NTRS,87.1,17,1
NTRS,73.2,3,1
NTRS,73.1,500,1
NTRS,72.9,100,1
NTRS,65.5,3,1
NTRS,65.6,1,1
NTRS,65.6,20,1
NTRS,65.6,100,1
NTRS,65.7,94,1
NTRS,65.9,18,1
NTRS,65.9,50,1
NTRS,65.9,100,1
NTRS,66.0,40,1
NTRS,66.2,1,1
NTRS,66.2,35,1
NTRS,66.2,49,1
NTRS,66.4,8,1
NTRS,66.4,12,1
NTRS,66.7,6,1
NTRS,66.7,20,1
NTRS,66.7,33,1
NTRS,66.7,47,1
NTRS,66.7,61,1
NTRS,67.0,7,1
NTRS,67.0,49,1
NTRS,67.0,100,1
NTRS,67.5,5,1
NTRS,65.1,50,1
NTRS,65.1,4,1
NTRS,64.3,100,1
NTRS,63.5,2,1
LDOS,51.4,1,1
LDOS,51.4,2,1
LDOS,51.4,10,1
LDOS,52.4,11,1
LDOS,56.3,10,1
LDOS,59.2,2,1
LDOS,60.1,9,1
LDOS,64.3,20,1
LDOS,73.0,58,1
LDOS,100.0,3,1
NTRS,0.0,1,1
NTRS,67.5,7,1
NTRS,54.9,100,1
NTRS,56.5,1,1
NTRS,56.5,4,1
NTRS,56.5,32,1
NTRS,57.3,100,1
NTRS,57.5,20,1
NTRS,57.9,5,1
NTRS,62.4,5,1
NTRS,62.7,80,1
NTRS,63.0,100,1
NTRS,63.2,3,1
NTRS,63.2,100,1
NTRS,55.2,7,1
NTRS,67.8,8,1
NTRS,67.8,12,1
NTRS,67.8,25,1
NTRS,70.7,50,1
NTRS,70.7,58,1
NTRS,71.0,20,1
NTRS,71.0,50,1
NTRS,71.0,61,1
NTRS,71.0,100,1
NTRS,71.3,9,1
NTRS,71.3,21,1
NTRS,71.5,22,1
NTRS,71.5,53,1
NTRS,71.5,100,1
NTRS,70.5,5,1
NTRS,71.5,150,1
NTRS,71.8,50,1
NTRS,71.8,100,1
NTRS,72.3,20,1
NTRS,72.3,39,1
NTRS,72.9,1,1
NTRS,72.9,25,1
NTRS,72.9,32,1
NTRS,72.9,44,1
NTRS,72.9,49,1
NTRS,72.9,51,1
NTRS,72.9,90,1
NTRS,71.8,21,1
NTRS,91.7,7,1
NTRS,70.2,90,1
NTRS,70.2,5,1
NTRS,67.8,49,1
NTRS,67.8,67,1
NTRS,67.8,133,1
NTRS,68.1,3,1
NTRS,68.1,4,1
NTRS,68.1,8,1
NTRS,68.3,12,1
NTRS,68.3,50,1
NTRS,69.1,1,1
NTRS,69.1,2,1
NTRS,69.1,24,1
NTRS,70.2,10,1
NTRS,69.1,66,1
NTRS,69.7,3,1
NTRS,69.7,35,1
NTRS,69.7,76,1
NTRS,69.9,23,1
NTRS,69.9,38,1
NTRS,69.9,46,1
NTRS,69.9,50,1
NTRS,69.9,62,1
NTRS,69.9,8332,1
NTRS,70.0,1,1
NTRS,70.2,3,1
NTRS,69.7,2,1
LDOS,43.3,2,1
NTRS,91.7,21,1
NTRS,91.7,43,1
PCGU,60.8,50,1
PCGU,61.3,7,1
PCGU,61.3,67,1
PCGU,61.6,3,1
PCGU,62.1,4,1
PCGU,62.9,25,1
PCGU,62.9,27,1
PCGU,62.9,100,1
PCGU,63.8,11,1
PCGU,64.0,1,1
PCGU,64.0,2,1
PCGU,64.0,4,1
PCGU,64.0,12,1
PCGU,64.6,1,1
PCGU,65.4,1,1
PCGU,65.4,2,1
PCGU,65.4,55,1
PCGU,66.8,5,1
PCGU,66.8,14,1
PCGU,67.0,43,1
PCGU,68.1,2,1
PCGU,68.4,1,1
PCGU,68.7,21,1
PCGU,60.8,27,1
PCGU,60.8,17,1
PCGU,60.2,48,1
PCGU,59.9,81,1
PCGU,54.0,77,1
PCGU,54.4,28,1
PCGU,55.3,200,1
PCGU,55.9,6,1
PCGU,55.9,9,1
PCGU,56.1,9,1
PCGU,56.4,3,1
PCGU,57.2,1,1
PCGU,57.2,5,1
PCGU,57.2,6,1
PCGU,57.2,20,1
PCGU,68.9,50,1
PCGU,57.2,30,1
PCGU,58.0,10,1
PCGU,58.0,11,1
PCGU,58.0,89,1
PCGU,58.3,5,1
PCGU,58.3,6,1
PCGU,58.3,10,1
PCGU,58.3,13,1
PCGU,58.3,34,1
PCGU,58.3,66,1
PCGU,58.6,50,1
PCGU,59.9,19,1
PCGU,57.8,5,1
PCGU,53.7,3,1
PCGU,70.0,300,1
PCGU,71.1,18,1
PCGU,84.7,92,1
PCGU,85.0,6,1
PCGU,85.3,31,1
PCGU,85.6,1,1
PCGU,85.6,23,1
PCGU,86.1,33,1
PCGU,87.7,10,1
PCGU,88.0,11,1
PCGU,88.0,12,1
PCGU,88.0,26,1
PCGU,88.0,47,1
PCGU,88.3,10,1
PCGU,88.7,100,1
PCGU,89.4,100,1
PCGU,89.6,100,1
PCGU,89.9,29,1
PCGU,90.2,12,1
PCGU,92.8,100,1
PCGU,93.5,100,1
PCGU,95.4,36,1
PCGU,100.0,14,1
WD,0.0,1,1
WD,2.4,100,1
PCGU,84.7,84,1
PCGU,84.5,16,1
PCGU,84.5,2,1
PCGU,83.7,2,1
PCGU,71.7,3,1
PCGU,71.7,24,1
PCGU,74.4,3,1
PCGU,74.4,40,1
PCGU,74.4,60,1
PCGU,74.7,5,1
PCGU,77.1,5,1
PCGU,78.2,14,1
PCGU,78.2,28,1
PCGU,78.2,80,1
PCGU,78.5,8,1
PCGU,70.6,1,1
PCGU,78.5,28,1
PCGU,81.2,3,1
PCGU,81.2,34,1
PCGU,81.2,143,1
PCGU,81.7,100,1
PCGU,82.3,2,1
PCGU,82.3,14,1
PCGU,82.3,36,1
PCGU,82.3,50,1
PCGU,82.6,15,1
PCGU,83.4,2,1
PCGU,83.4,238,1
PCGU,78.7,100,1
PCGU,53.4,5,1
PCGU,53.1,199,1
PCGU,53.1,74,1
NTRS,94.9,7,1
NTRS,94.9,53,1
NTRS,95.7,5,1
NTRS,95.7,8,1
NTRS,95.7,17,1
NTRS,95.7,50,1
NTRS,95.7,100,1
NTRS,96.0,100,1
NTRS,96.5,14,1
NTRS,97.0,3,1
NTRS,97.0,50,1
NTRS,97.3,8,1
NTRS,97.3,173,1
NTRS,98.4,60,1
NTRS,99.1,1,1
NTRS,99.5,1,1
NTRS,100.0,1,1
PCGU,0.0,25,1
PCGU,1.1,26,1
PCGU,4.1,1,1
PCGU,4.1,6,1
PCGU,4.4,48,1
PCGU,6.5,10,1
NTRS,94.4,50,1
NTRS,93.8,100,1
NTRS,93.8,49,1
NTRS,93.6,90,1
NTRS,91.7,100,1
NTRS,91.9,5,1
NTRS,91.9,6,1
NTRS,91.9,9,1
NTRS,91.9,19,1
NTRS,91.9,100,1
NTRS,92.2,1,1
NTRS,92.2,7,1
NTRS,92.2,8,1
NTRS,92.2,9,1
NTRS,92.2,92,1
PCGU,7.4,3,1
NTRS,92.5,8,1
NTRS,92.5,100,1
NTRS,92.8,3,1
NTRS,92.8,18,1
NTRS,92.8,20,1
NTRS,92.8,34,1
NTRS,92.8,43,1
NTRS,92.8,57,1
NTRS,92.8,100,1
NTRS,93.0,2,1
NTRS,93.3,50,1
NTRS,93.3,100,1
NTRS,92.5,10,1
PCGU,8.2,1,1
PCGU,15.5,10,1
PCGU,15.8,15,1
PCGU,47.1,10,1
PCGU,47.1,23,1
PCGU,47.4,14,1
PCGU,47.4,56,1
PCGU,47.7,45,1
PCGU,48.2,2,1
PCGU,48.2,8,1
PCGU,49.3,100,1
PCGU,49.6,31,1
PCGU,49.6,85,1
PCGU,49.9,5,1
PCGU,47.1,3,1
PCGU,50.4,6,1
PCGU,51.5,40,1
PCGU,51.5,115,1
PCGU,51.8,1,1
PCGU,51.8,5,1
PCGU,51.8,37,1
PCGU,52.3,1,1
PCGU,52.9,5,1
PCGU,52.9,10,1
PCGU,53.1,1,1
PCGU,53.1,26,1
PCGU,53.1,31,1
PCGU,51.5,2,1
NTRS,91.7,35,1
PCGU,46.6,5,1
PCGU,44.7,10,1
PCGU,18.3,250,1
PCGU,21.0,38,1
PCGU,24.8,67,1
PCGU,27.8,9,1
PCGU,29.2,25,1
PCGU,29.2,26,1
PCGU,29.2,40,1
PCGU,30.5,3,1
PCGU,30.5,10,1
PCGU,30.5,15,1
PCGU,34.3,1,1
PCGU,45.5,12,1
PCGU,36.7,100,1
PCGU,37.6,18,1
PCGU,37.6,72,1
PCGU,39.8,43,1
PCGU,41.1,12,1
PCGU,41.1,29,1
PCGU,41.1,50,1
PCGU,43.1,30,1
PCGU,43.3,46,1
PCGU,43.6,13,1
PCGU,43.6,32,1
PCGU,44.7,3,1
PCGU,37.6,13,1
WD,13.2,18,1
LDOS,42.2,20,1
LDOS,39.1,100,1
GRMN,85.3,33,1
GRMN,85.3,38,1
GRMN,85.3,40,1
GRMN,85.3,53,1
GRMN,85.3,60,1
GRMN,85.3,91,1
GRMN,85.3,96,1
GRMN,85.3,100,1
GRMN,85.4,98,1
GRMN,85.5,2,1
GRMN,85.5,18,1
GRMN,85.5,34,1
GRMN,85.5,42,1
GRMN,85.5,60,1
GRMN,85.5,70,1
GRMN,85.5,72,1
GRMN,85.5,116,1
GRMN,85.5,316,1
GRMN,85.6,11,1
GRMN,85.6,16,1
GRMN,85.6,33,1
GRMN,85.7,4,1
ZM,100.0,5,1
GRMN,85.3,32,1
GRMN,85.3,9,1
GRMN,85.3,6,1
GRMN,85.2,284,1
GRMN,84.9,17,1
GRMN,84.9,18,1
GRMN,84.9,40,1
GRMN,84.9,66,1
GRMN,84.9,80,1
GRMN,85.0,1,1
GRMN,85.0,2,1
GRMN,85.0,8,1
GRMN,85.0,26,1
GRMN,85.0,47,1
GRMN,85.0,136,1
GRMN,85.7,47,1
GRMN,85.0,400,1
GRMN,85.1,7,1
GRMN,85.1,29,1
GRMN,85.1,67,1
GRMN,85.1,133,1
GRMN,85.2,7,1
GRMN,85.2,10,1
GRMN,85.2,11,1
GRMN,85.2,15,1
GRMN,85.2,20,1
GRMN,85.2,30,1
GRMN,85.2,37,1
GRMN,85.1,4,1
GRMN,84.9,12,1
GRMN,85.7,50,1
GRMN,85.7,200,1
GRMN,86.5,1,1
GRMN,86.7,10,1
GRMN,86.7,100,1
GRMN,86.7,103,1
GRMN,86.8,1,1
GRMN,87.0,1,1
GRMN,87.0,20,1
GRMN,87.0,21,1
GRMN,87.0,50,1
GRMN,87.0,70,1
GRMN,87.1,2,1
GRMN,87.1,360,1
GRMN,87.2,100,1
GRMN,87.3,5,1
GRMN,87.3,50,1
GRMN,87.4,5,1
GRMN,87.4,7,1
GRMN,87.4,9,1
GRMN,87.4,10,1
GRMN,87.4,25,1
GRMN,87.4,138,1
GRMN,87.4,200,1
GRMN,87.5,2,1
GRMN,86.3,142,1
GRMN,86.3,93,1
GRMN,86.3,90,1
GRMN,86.3,60,1
GRMN,85.8,2,1
GRMN,85.8,4,1
GRMN,85.8,5,1
GRMN,85.8,8,1
GRMN,85.8,17,1
GRMN,85.8,28,1
GRMN,85.8,80,1
GRMN,85.8,177,1
GRMN,85.9,2,1
GRMN,85.9,74,1
GRMN,85.9,100,1
GRMN,85.7,100,1
GRMN,86.1,2,1
GRMN,86.3,2,1
GRMN,86.3,5,1
GRMN,86.3,7,1
GRMN,86.3,9,1
GRMN,86.3,19,1
GRMN,86.3,20,1
GRMN,86.3,36,1
GRMN,86.3,48,1
GRMN,86.3,50,1
GRMN,86.3,51,1
GRMN,86.3,52,1
GRMN,86.1,50,1
GRMN,84.9,6,1
GRMN,84.9,5,1
GRMN,84.9,1,1
GRMN,82.2,22,1
GRMN,82.2,28,1
GRMN,82.2,32,1
GRMN,82.2,58,1
GRMN,82.2,61,1
GRMN,82.2,67,1
GRMN,82.2,99,1
GRMN,82.2,100,1
GRMN,82.2,182,1
GRMN,82.2,204,1
GRMN,82.2,483,1
GRMN,82.3,1,1
GRMN,82.4,4,1
GRMN,82.5,400,1
GRMN,82.7,5,1
GRMN,82.7,13,1
GRMN,82.8,100,1
GRMN,82.8,112,1
GRMN,82.9,1,1
GRMN,82.9,25,1
GRMN,82.9,45,1
GRMN,83.1,100,1
GRMN,83.2,1,1
GRMN,82.2,17,1
GRMN,82.2,13,1
GRMN,82.2,10,1
GRMN,82.2,4,1
GRMN,73.3,9,1
GRMN,73.3,23,1
GRMN,73.3,27,1
GRMN,73.3,30,1
GRMN,73.3,63,1
GRMN,74.3,45,1
GRMN,78.3,1,1
GRMN,79.7,10,1
GRMN,79.9,3,1
GRMN,80.9,8,1
GRMN,80.9,195,1
GRMN,83.2,22,1
GRMN,81.0,1,1
GRMN,81.1,6,1
GRMN,81.1,9,1
GRMN,81.1,27,1
GRMN,81.1,30,1
GRMN,81.4,2,1
GRMN,81.6,1,1
GRMN,81.9,44,1
GRMN,81.9,79,1
GRMN,82.0,100,1
GRMN,82.1,1,1
GRMN,82.2,2,1
GRMN,81.1,2,1
GRMN,83.2,70,1
GRMN,83.2,90,1
GRMN,83.3,1,1
GRMN,84.2,100,1
GRMN,84.3,4,1
GRMN,84.3,10,1
GRMN,84.4,3,1
GRMN,84.4,10,1
GRMN,84.4,20,1
GRMN,84.4,56,1
GRMN,84.4,80,1
GRMN,84.5,9,1
GRMN,84.5,10,1
GRMN,84.5,64,1
GRMN,84.1,53,1
GRMN,84.6,8,1
GRMN,84.7,2,1
GRMN,84.7,18,1
GRMN,84.7,40,1
GRMN,84.8,1,1
GRMN,84.8,2,1
GRMN,84.8,10,1
GRMN,84.8,13,1
GRMN,84.8,20,1
GRMN,84.8,22,1
GRMN,84.8,34,1
GRMN,84.8,537,1
GRMN,84.6,10,1
GRMN,87.5,11,1
GRMN,84.0,251,1
GRMN,84.0,49,1
GRMN,83.3,60,1
GRMN,83.4,100,1
GRMN,83.5,27,1
GRMN,83.7,1,1
GRMN,83.7,21,1
GRMN,83.7,32,1
GRMN,83.7,80,1
GRMN,83.7,90,1
GRMN,83.8,1,1
GRMN,83.8,2,1
GRMN,83.8,52,1
GRMN,84.0,146,1
GRMN,83.8,95,1
GRMN,83.8,189,1
GRMN,83.9,1,1
GRMN,83.9,30,1
GRMN,83.9,40,1
GRMN,83.9,53,1
GRMN,83.9,112,1
GRMN,83.9,116,1
GRMN,84.0,5,1
GRMN,84.0,22,1
GRMN,84.0,35,1
GRMN,84.0,45,1
GRMN,83.8,99,1
LDOS,41.3,7,1
GRMN,87.6,1,1
GRMN,87.8,4,1
LDOS,34.6,10,1
LDOS,34.6,12,1
LDOS,34.6,44,1
LDOS,34.6,56,1
LDOS,34.6,88,1
LDOS,34.7,10,1
LDOS,34.8,2,1
LDOS,34.8,9,1
LDOS,34.8,12,1
LDOS,34.8,49,1
LDOS,34.8,50,1
LDOS,34.8,81,1
LDOS,34.8,88,1
LDOS,35.0,1,1
LDOS,35.0,10,1
LDOS,35.0,35,1
LDOS,35.1,10,1
LDOS,35.1,90,1
LDOS,35.1,100,1
LDOS,35.2,62,1
LDOS,35.3,1,1
LDOS,35.3,10,1
LDOS,35.3,20,1
LDOS,34.6,3,1
LDOS,34.6,1,1
LDOS,34.4,16,1
LDOS,34.4,15,1
LDOS,33.2,49,1
LDOS,33.2,100,1
LDOS,33.3,1,1
LDOS,33.3,5,1
LDOS,33.3,25,1
LDOS,33.3,41,1
LDOS,33.5,2,1
LDOS,33.5,10,1
LDOS,33.5,156,1
LDOS,33.6,15,1
LDOS,33.7,2,1
LDOS,35.5,2,1
LDOS,33.7,100,1
LDOS,33.9,10,1
LDOS,33.9,47,1
LDOS,33.9,100,1
LDOS,34.1,18,1
LDOS,34.1,100,1
LDOS,34.2,1,1
LDOS,34.3,1,1
LDOS,34.4,1,1
LDOS,34.4,2,1
LDOS,34.4,3,1
LDOS,34.4,5,1
LDOS,33.9,3,1
LDOS,33.1,20,1
LDOS,35.5,4,1
LDOS,35.5,100,1
LDOS,36.7,100,1
LDOS,36.9,1,1
LDOS,37.1,1,1
LDOS,37.1,10,1
LDOS,37.1,20,1
LDOS,37.1,70,1
LDOS,37.1,800,1
LDOS,37.3,10,1
LDOS,37.5,1,1
LDOS,37.5,2,1
LDOS,37.5,3,1
LDOS,37.5,9,1
LDOS,37.5,17,1
LDOS,37.5,40,1
LDOS,37.5,41,1
LDOS,37.5,96,1
LDOS,37.5,104,1
LDOS,37.5,166,1
LDOS,38.2,30,1
LDOS,38.2,79,1
LDOS,38.2,100,1
LDOS,38.4,1,1
LDOS,38.4,2,1
LDOS,36.7,42,1
LDOS,36.6,250,1
LDOS,36.6,245,1
LDOS,36.6,239,1
LDOS,35.7,49,1
LDOS,35.7,94,1
LDOS,35.7,100,1
LDOS,35.7,300,1
LDOS,35.7,1200,1
LDOS,35.9,3,1
LDOS,35.9,17,1
LDOS,36.0,100,1
LDOS,36.2,1,1
LDOS,36.2,3,1
LDOS,36.2,4,1
LDOS,35.5,6,1
LDOS,36.2,5,1
LDOS,36.2,100,1
LDOS,36.3,2,1
LDOS,36.4,37,1
LDOS,36.5,100,1
LDOS,36.6,2,1
LDOS,36.6,3,1
LDOS,36.6,5,1
LDOS,36.6,53,1
LDOS,36.6,65,1
LDOS,36.6,100,1
LDOS,36.6,156,1
LDOS,36.2,7,1
LDOS,33.0,4,1
LDOS,33.0,2,1
LDOS,32.8,100,1
LDOS,25.5,40,1
LDOS,25.7,100,1
LDOS,26.0,300,1
LDOS,27.5,2,1
LDOS,27.5,5,1
LDOS,27.8,6,1
LDOS,27.9,5,1
LDOS,28.0,4,1
LDOS,28.0,12,1
LDOS,28.3,7,1
LDOS,28.4,10,1
LDOS,28.6,4,1
LDOS,28.6,50,1
LDOS,28.8,29,1
LDOS,29.3,4,1
LDOS,29.3,7,1
LDOS,29.6,223,1
LDOS,29.7,1,1
LDOS,29.8,2,1
LDOS,30.0,1,1
LDOS,30.1,5,1
LDOS,30.1,500,1
LDOS,30.2,9,1
LDOS,25.5,8,1
LDOS,25.5,5,1
LDOS,25.5,4,1
LDOS,23.2,10,1
GRMN,87.8,5,1
GRMN,87.9,1,1
GRMN,87.9,12,1
GRMN,87.9,100,1
GRMN,88.2,1,1
GRMN,88.2,4,1
GRMN,88.2,10,1
GRMN,88.2,271,1
GRMN,89.3,100,1
GRMN,89.6,1,1
GRMN,89.9,4,1
LDOS,30.3,2,1
GRMN,90.6,10,1
GRMN,92.8,4,1
GRMN,97.1,2,1
GRMN,100.0,6803,1
GRMN,100.0,16075,1
GRMN,100.0,25835,1
LDOS,0.0,6,1
LDOS,15.4,8,1
LDOS,15.4,15,1
LDOS,15.4,103,1
LDOS,15.4,108,1
LDOS,15.4,109,1
GRMN,90.9,1,1
LDOS,30.3,5,1
LDOS,30.3,20,1
LDOS,30.4,6,1
LDOS,32.0,1,1
LDOS,32.0,10,1
LDOS,32.1,4,1
LDOS,32.1,66,1
LDOS,32.2,7,1
LDOS,32.2,13,1
LDOS,32.2,14,1
LDOS,32.2,25,1
LDOS,32.2,49,1
LDOS,32.2,94,1
LDOS,32.2,100,1
LDOS,31.9,11,1
LDOS,32.2,112,1
LDOS,32.4,5,1
LDOS,32.4,37,1
LDOS,32.6,2,1
LDOS,32.6,3,1
LDOS,32.6,30,1
LDOS,32.6,44,1
LDOS,32.6,88,1
LDOS,32.6,100,1
LDOS,32.8,4,1
LDOS,32.8,12,1
LDOS,32.8,21,1
LDOS,32.4,3,1
GRMN,87.8,3,1
LDOS,31.9,8,1
LDOS,31.8,10,1
LDOS,30.4,12,1
LDOS,30.5,3,1
LDOS,30.8,100,1
LDOS,31.0,5,1
LDOS,31.0,11,1
LDOS,31.0,12,1
LDOS,31.0,14,1
LDOS,31.2,2,1
LDOS,31.2,11,1
LDOS,31.2,20,1
LDOS,31.2,25,1
LDOS,31.9,1,1
LDOS,31.2,79,1
LDOS,31.3,8,1
LDOS,31.3,33,1
LDOS,31.5,99,1
LDOS,31.5,100,1
LDOS,31.6,10,1
LDOS,31.6,156,1
LDOS,31.7,3,1
LDOS,31.7,11,1
LDOS,31.7,33,1
LDOS,31.7,92,1
LDOS,31.7,97,1
LDOS,31.3,1,1
GRMN,73.3,3,1
WD,14.2,10,1
WD,16.6,46,1
WING,44.5,50,1
WING,44.5,54,1
WING,44.7,20,1
WING,44.9,100,1
WING,45.1,1,1
WING,45.1,100,1
WING,45.1,159,1
WING,45.5,1,1
WING,45.5,100,1
WING,45.6,1,1
WING,45.8,2,1
WING,45.8,40,1
WING,46.4,38,1
WING,47.1,2,1
WING,47.1,100,1
WING,47.3,20,1
WING,47.3,100,1
WING,47.4,1,1
WING,47.5,69,1
WING,47.5,70,1
WING,47.6,4,1
WING,47.7,50,1
WING,47.8,2,1
WING,44.5,20,1
WING,44.5,1,1
WING,44.2,100,1
WING,44.2,1,1
WING,41.1,93,1
WING,41.1,95,1
WING,41.1,100,1
WING,41.5,100,1
WING,41.7,4,1
WING,41.7,8,1
WING,41.7,100,1
WING,42.2,37,1
WING,42.5,2,1
WING,42.7,4,1
WING,42.7,150,1
WING,48.0,6,1
WING,42.9,14,1
WING,42.9,20,1
WING,42.9,21,1
WING,43.0,2,1
WING,43.0,5,1
WING,43.4,1,1
WING,43.5,41,1
WING,43.5,100,1
WING,43.7,27,1
WING,43.9,100,1
WING,44.0,1,1
WING,44.1,1,1
WING,42.9,16,1
WING,40.5,19,1
WING,48.4,2,1
WING,48.5,100,1
ZM,11.7,10,1
ZM,13.4,6,1
ZM,15.7,10,1
ZM,16.7,3,1
ZM,16.7,54,1
ZM,16.7,60,1
ZM,16.7,150,1
ZM,16.7,230,1
ZM,16.7,246,1
ZM,17.1,10,1
ZM,17.1,30,1
ZM,17.4,10,1
ZM,17.4,50,1
ZM,17.7,10,1
ZM,18.4,10,1
ZM,18.4,20,1
ZM,18.7,10,1
ZM,21.4,10,1
ZM,21.4,12,1
ZM,22.7,5,1
ZM,26.4,10,1
ZM,26.8,2,1
ZM,26.8,9,1
ZM,3.3,10,1
ZM,1.7,10,1
ZM,0.0,513,1
ZM,0.0,297,1
WING,48.6,12,1
WING,48.7,1,1
WING,48.7,2,1
WING,48.7,3,1
WING,48.8,1,1
WING,48.8,2,1
WING,48.8,98,1
WING,48.9,4,1
WING,48.9,5,1
WING,48.9,15,1
WING,48.9,20,1
WING,48.5,12,1
WING,48.9,33,1
WING,48.9,41,1
WING,48.9,50,1
WING,48.9,67,1
WING,49.0,70,1
WING,49.0,100,1
WING,49.1,5,1
WING,49.1,100,1
WING,49.1,195,1
ZM,0.0,1,1
ZM,0.0,4,1
ZM,0.0,115,1
WING,48.9,37,1
WING,40.4,100,1
WING,40.4,14,1
WING,40.4,1,1
WING,34.1,19,1
WING,34.1,30,1
WING,34.1,77,1
WING,34.3,200,1
WING,34.4,100,1
WING,34.5,6,1
WING,34.5,93,1
WING,34.5,99,1
WING,34.5,100,1
WING,34.6,10,1
WING,34.6,100,1
WING,34.7,10,1
WING,34.8,9,1
WING,34.9,7,1
WING,35.0,51,1
WING,35.3,3,1
WING,35.4,30,1
WING,35.4,45,1
WING,35.4,865,1
WING,35.7,3,1
WING,35.7,20,1
WING,35.7,33,1
WING,35.7,200,1
WING,34.1,4,1
WING,33.7,5,1
WING,33.6,100,1
WING,33.4,100,1
WING,31.9,1,1
WING,32.0,1,1
WING,32.0,4,1
WING,32.1,1,1
WING,32.2,1,1
WING,32.2,20,1
WING,32.3,1,1
WING,32.4,100,1
WING,32.7,2,1
WING,32.7,4,1
WING,32.7,11,1
WING,35.7,300,1
WING,32.7,14,1
WING,32.7,100,1
WING,32.8,1,1
WING,32.8,6,1
WING,32.8,14,1
WING,32.8,18,1
WING,32.8,76,1
WING,32.9,100,1
WING,33.1,100,1
WING,33.2,100,1
WING,33.2,600,1
WING,33.4,65,1
WING,32.7,24,1
WING,35.8,18,1
WING,36.3,3,1
WING,36.4,1,1
WING,39.7,2,1
WING,39.7,4,1
WING,39.7,6,1
WING,39.7,34,1
WING,39.7,67,1
WING,39.7,105,1
WING,39.9,1,1
WING,39.9,5,1
WING,39.9,100,1
WING,40.0,3,1
WING,40.0,5,1
WING,39.7,1,1
WING,40.0,7,1
WING,40.0,11,1
WING,40.0,15,1
WING,40.0,16,1
WING,40.0,17,1
WING,40.0,30,1
WING,40.0,83,1
WING,40.0,122,1
WING,40.1,10,1
WING,40.1,12,1
WING,40.1,13,1
WING,40.1,100,1
WING,40.0,10,1
ZM,26.8,11,1
WING,39.6,72,1
WING,39.3,600,1
WING,36.7,1,1
WING,36.7,4,1
WING,36.7,100,1
WING,37.1,50,1
WING,37.4,5,1
WING,37.4,10,1
WING,37.4,100,1
WING,37.5,5,1
WING,37.5,100,1
WING,37.8,12,1
WING,37.9,1,1
WING,39.6,28,1
WING,37.9,2,1
WING,38.1,2,1
WING,38.2,50,1
WING,38.3,1,1
WING,38.3,100,1
WING,38.6,1,1
WING,38.8,20,1
WING,38.8,35,1
WING,38.8,96,1
WING,38.8,100,1
WING,38.9,2,1
WING,38.9,4,1
WING,38.0,17,1
WING,31.7,30,1
ZM,27.8,2,1
ZM,27.8,10,1
ZM,66.9,3,1
ZM,66.9,11,1
ZM,66.9,23,1
ZM,66.9,25,1
ZM,66.9,43,1
ZM,66.9,93,1
ZM,66.9,97,1
ZM,66.9,100,1
ZM,66.9,163,1
ZM,66.9,200,1
ZM,66.9,300,1
ZM,66.9,528,1
ZM,67.2,3,1
ZM,67.2,7,1
ZM,67.2,12,1
ZM,67.6,2,1
ZM,67.6,4,1
ZM,67.6,6,1
ZM,67.6,8,1
ZM,68.9,6,1
ZM,68.9,17,1
ZM,69.9,6,1
ZM,70.2,4,1
ZM,66.9,1,1
ZM,66.6,274,1
ZM,66.6,89,1
ZM,66.6,50,1
ZM,61.9,26,1
ZM,62.9,5,1
ZM,62.9,100,1
ZM,63.2,10,1
ZM,63.5,1,1
ZM,63.5,10,1
ZM,64.2,1,1
ZM,64.5,2,1
ZM,64.5,6,1
ZM,64.9,6,1
ZM,64.9,10,1
ZM,70.2,6,1
ZM,64.9,14,1
ZM,65.6,10,1
ZM,65.9,6,1
ZM,66.6,3,1
ZM,66.6,4,1
ZM,66.6,5,1
ZM,66.6,7,1
ZM,66.6,8,1
ZM,66.6,10,1
ZM,66.6,14,1
ZM,66.6,30,1
ZM,66.6,37,1
ZM,65.2,6,1
ZM,61.5,5,1
ZM,71.2,2,1
ZM,71.6,1,1
ZM,83.6,10,1
ZM,83.6,35,1
ZM,86.0,23,1
ZM,86.6,10,1
ZM,87.0,3,1
ZM,87.3,6,1
ZM,87.6,10,1
ZM,89.0,10,1
ZM,89.3,10,1
ZM,90.3,8,1
ZM,90.3,11,1
ZM,90.3,18,1
ZM,90.3,88,1
ZM,90.6,12,1
ZM,90.6,20,1
ZM,90.6,30,1
ZM,90.6,67,1
ZM,91.0,10,1
ZM,91.3,10,1
ZM,92.3,10,1
ZM,92.6,27,1
ZM,97.0,250,1
ZM,97.0,2000,1
ZM,82.3,7,1
ZM,81.6,10,1
ZM,81.6,9,1
ZM,81.6,6,1
ZM,73.2,1,1
ZM,73.6,3,1
ZM,75.9,5,1
ZM,75.9,12,1
ZM,76.9,20,1
ZM,76.9,25,1
ZM,76.9,30,1
ZM,76.9,50,1
ZM,77.3,2,1
ZM,77.3,10,1
ZM,77.6,3,1
ZM,71.2,8,1
ZM,77.6,6,1
ZM,78.6,2,1
ZM,78.6,21,1
ZM,78.9,10,1
ZM,78.9,16,1
ZM,80.3,3,1
ZM,80.3,4,1
ZM,80.3,8,1
ZM,80.3,15,1
ZM,80.3,31,1
ZM,81.3,10,1
ZM,81.6,5,1
ZM,78.6,1,1
ZM,61.2,100,1
ZM,60.9,10,1
ZM,60.5,50,1
ZM,34.1,5,1
ZM,34.4,10,1
ZM,34.5,5,1
ZM,35.5,81,1
ZM,36.8,5,1
ZM,36.8,6,1
ZM,37.1,2,1
ZM,37.1,6,1
ZM,37.1,7,1
ZM,37.5,2,1
ZM,37.5,6,1
ZM,38.1,2,1
ZM,38.8,1,1
ZM,38.8,19,1
ZM,38.8,31,1
ZM,40.1,2,1
ZM,40.1,4,1
ZM,40.1,6,1
ZM,40.1,10,1
ZM,41.1,10,1
ZM,41.5,10,1
ZM,41.8,3,1
ZM,41.8,15,1
ZM,34.1,1,1
ZM,33.8,292,1
ZM,33.8,90,1
ZM,33.8,10,1
ZM,28.1,1,1
ZM,28.4,5,1
ZM,29.8,10,1
ZM,29.8,11,1
ZM,29.8,60,1
ZM,30.1,2,1
ZM,30.4,10,1
ZM,30.8,10,1
ZM,31.4,10,1
ZM,33.1,6,1
ZM,33.4,1,1
ZM,41.8,23,1
ZM,33.4,7,1
ZM,33.4,11,1
ZM,33.4,20,1
ZM,33.4,25,1
ZM,33.4,50,1
ZM,33.4,60,1
ZM,33.4,64,1
ZM,33.4,80,1
ZM,33.4,100,1
ZM,33.4,106,1
ZM,33.8,5,1
ZM,33.8,6,1
ZM,33.4,9,1
ZM,41.8,60,1
ZM,42.8,5,1
ZM,43.5,1,1
ZM,52.5,1,1
ZM,52.5,6,1
ZM,52.5,12,1
ZM,52.5,50,1
ZM,53.8,5,1
ZM,54.2,50,1
ZM,54.5,10,1
ZM,55.9,10,1
ZM,56.9,5,1
ZM,56.9,50,1
ZM,58.5,100,1
ZM,52.2,12,1
ZM,58.9,3,1
ZM,59.2,10,1
ZM,59.2,14,1
ZM,59.5,2,1
ZM,59.5,5,1
ZM,59.5,12,1
ZM,60.2,7,1
ZM,60.2,10,1
ZM,60.2,20,1
ZM,60.2,60,1
ZM,60.2,80,1
ZM,60.5,1,1
ZM,58.9,26,1
ZM,27.8,6,1
ZM,52.2,5,1
ZM,52.2,2,1
ZM,43.5,5,1
ZM,43.5,10,1
ZM,43.5,15,1
ZM,43.8,10,1
ZM,44.1,5,1
ZM,44.5,5,1
ZM,44.5,45,1
ZM,45.5,1,1
ZM,46.2,1,1
ZM,46.5,1,1
ZM,47.2,10,1
ZM,52.2,3,1
ZM,48.8,6,1
ZM,49.8,13,1
ZM,50.2,2,1
ZM,50.2,6,1
ZM,50.2,36,1
ZM,50.2,64,1
ZM,50.2,100,1
ZM,50.2,5000,1
ZM,50.5,8,1
ZM,50.5,9,1
ZM,50.5,25,1
ZM,51.8,1,1
ZM,49.5,5,1
WD,14.7,1,1
WING,31.3,25,1
WING,31.1,50,1
WD,53.2,12,1
WD,54.3,2,1
WD,54.3,18,1
WD,54.4,18,1
WD,54.5,12,1
WD,54.5,16,1
WD,54.8,3,1
WD,54.8,16,1
WD,54.8,22,1
WD,54.8,46,1
WD,54.8,50,1
WD,54.8,78,1
WD,54.8,144,1
WD,55.0,1,1
WD,55.0,3,1
WD,55.0,6,1
WD,55.0,22,1
WD,55.0,25,1
WD,55.0,50,1
WD,55.0,70,1
WD,55.0,100,1
WD,55.0,150,1
WD,55.5,4,1
WD,53.1,73,1
WD,53.1,12,1
WD,53.1,3,1
WD,52.4,1,1
WD,46.0,5,1
WD,46.2,5,1
WD,46.4,50,1
WD,47.6,99,1
WD,48.8,17,1
WD,48.9,1,1
WD,49.1,1,1
WD,49.5,1,1
WD,49.6,1,1
WD,49.8,5,1
WD,49.9,5,1
WD,55.5,5,1
WD,50.1,9,1
WD,50.2,16,1
WD,50.2,100,1
WD,50.2,108,1
WD,50.6,5,1
WD,50.6,43,1
WD,50.8,2,1
WD,51.0,3,1
WD,51.6,1,1
WD,51.8,5,1
WD,52.1,1,1
WD,52.1,96,1
WD,50.2,10,1
WD,45.5,22,1
WD,55.5,16,1
WD,55.7,4,1
WD,58.6,100,1
WD,58.7,3,1
WD,58.7,19,1
WD,59.0,5,1
WD,59.2,5,1
WD,59.4,15,1
WD,59.4,40,1
WD,59.5,100,1
WD,59.5,125,1
WD,59.9,16,1
WD,59.9,51,1
WD,60.0,3,1
WD,60.1,6,1
WD,60.3,24,1
WD,60.3,100,1
WD,60.4,10,1
WD,60.7,2,1
WD,61.1,1,1
WD,62.0,6,1
WD,62.1,1,1
WD,62.1,7,1
WD,62.1,20,1
WD,62.1,100,1
WD,58.6,20,1
WD,58.4,10,1
WD,58.4,5,1
WD,58.4,1,1
WD,55.7,69,1
WD,56.0,2,1
WD,56.0,15,1
WD,56.0,55,1
WD,56.0,95,1
WD,56.1,1,1
WD,56.2,5,1
WD,56.2,22,1
WD,56.2,24,1
WD,56.2,31,1
WD,56.2,38,1
WD,55.6,100,1
WD,56.2,100,1
WD,56.4,100,1
WD,56.5,1,1
WD,56.7,4,1
WD,56.7,5,1
WD,57.7,21,1
WD,57.8,9,1
WD,58.2,1,1
WD,58.2,5,1
WD,58.2,11,1
WD,58.2,57,1
WD,58.3,66,1
WD,56.4,4,1
WD,45.0,5,1
WD,44.5,8,1
WD,44.5,2,1
WD,27.8,10,1
WD,27.9,1,1
WD,28.4,100,1
WD,29.3,16,1
WD,29.3,84,1
WD,29.6,2,1
WD,29.6,6,1
WD,29.6,8,1
WD,29.6,16,1
WD,29.6,36,1
WD,29.6,92,1
WD,29.6,98,1
WD,29.6,184,1
WD,30.1,4,1
WD,30.1,10,1
WD,30.3,5,1
WD,31.3,5,1
WD,31.5,4,1
WD,31.5,5,1
WD,31.5,21,1
WD,31.5,22,1
WD,31.5,23,1
WD,31.5,25,1
WD,27.5,1,1
WD,27.1,50,1
WD,27.1,8,1
WD,26.9,1,1
WD,16.6,54,1
WD,16.9,100,1
WD,19.3,1,1
WD,19.8,17,1
WD,20.5,1,1
WD,20.8,1,1
WD,20.8,3,1
WD,20.8,7,1
WD,20.8,56,1
WD,21.3,33,1
WD,21.3,55,1
WD,31.5,44,1
WD,21.3,100,1
WD,22.0,1,1
WD,23.4,109,1
WD,24.0,1,1
WD,24.6,5,1
WD,24.8,5,1
WD,25.1,5,1
WD,25.7,1,1
WD,26.2,1,1
WD,26.2,2,1
WD,26.4,4,1
WD,26.4,100,1
WD,21.5,300,1
WD,31.5,74,1
WD,31.5,90,1
WD,31.8,5,1
WD,40.5,100,1
WD,40.6,100,1
WD,41.1,1,1
WD,41.1,5,1
WD,41.1,29,1
WD,41.8,1,1
WD,42.1,2,1
WD,42.1,5,1
WD,42.3,1,1
WD,42.5,9,1
WD,42.7,100,1
WD,40.2,20,1
WD,42.8,2,1
WD,43.3,50,1
WD,43.5,1,1
WD,43.5,3,1
WD,43.5,4,1
WD,43.5,8,1
WD,43.5,12,1
WD,43.5,70,1
WD,43.8,1,1
WD,43.8,25,1
WD,44.0,3,1
WD,44.3,36,1
WD,42.9,1,1
WD,62.3,16,1
WD,40.2,1,1
WD,39.6,20,1
WD,32.0,1,1
WD,32.3,20,1
WD,32.3,60,1
WD,32.5,5,1
WD,32.5,100,1
WD,32.8,5,1
WD,33.1,1,1
WD,33.1,4,1
WD,33.5,5,1
WD,34.4,1,1
WD,34.5,25,1
WD,40.1,300,1
WD,34.6,100,1
WD,34.7,33,1
WD,35.2,2,1
WD,35.5,3,1
WD,35.5,97,1
WD,36.1,10,1
WD,36.9,3,1
WD,36.9,5,1
WD,36.9,100,1
WD,37.0,8,1
WD,39.4,6,1
WD,39.6,1,1
WD,34.7,1,1
WING,31.3,1,1
WD,62.8,20,1
WD,63.1,5,1
WD,97.1,10,1
WD,99.8,1,1
WD,100.0,11,1
WING,0.0,1,1
WING,18.9,400,1
WING,20.3,2,1
WING,20.6,2,1
WING,22.5,100,1
WING,23.4,33,1
WING,23.4,63,1
WING,23.6,5,1
WING,23.6,100,1
WING,23.7,100,1
WING,23.8,25,1
WING,23.9,25,1
WING,24.2,100,1
WING,24.5,4,1
WING,24.5,100,1
WING,24.8,15,1
WING,24.8,16,1
WING,24.8,31,1
WING,24.8,38,1
WING,24.8,54,1
WD,95.7,100,1
WD,94.4,723,1
WD,93.8,100,1
WD,92.5,1,1
WD,82.9,3,1
WD,83.1,23,1
WD,83.3,100,1
WD,83.4,4,1
WD,83.4,46,1
WD,83.4,76,1
WD,83.6,4,1
WD,83.6,10,1
WD,84.4,33,1
WD,84.4,100,1
WD,86.7,10,1
WING,24.8,62,1
WD,87.0,10,1
WD,87.8,100,1
WD,88.3,14,1
WD,88.3,64,1
WD,88.5,1,1
WD,88.5,23,1
WD,89.1,5,1
WD,89.5,2,1
WD,89.7,5,1
WD,90.0,5,1
WD,91.4,9,1
WD,91.7,100,1
WD,87.3,4,1
WD,82.9,1,1
WING,24.8,80,1
WING,25.0,40,1
WING,29.2,1,1
WING,29.2,3,1
WING,29.3,100,1
WING,29.5,400,1
WING,30.0,20,1
WING,30.1,1,1
WING,30.1,21,1
WING,30.1,75,1
WING,30.1,79,1
WING,30.3,50,1
WING,30.4,1,1
WING,30.4,99,1
WING,30.4,100,1
WING,30.5,23,1
WING,30.6,36,1
WING,30.6,150,1
WING,30.7,1,1
WING,30.7,13,1
WING,30.7,87,1
WING,30.7,100,1
WING,30.9,1,1
WING,30.9,41,1
WING,31.1,34,1
WING,28.6,2,1
WING,28.1,100,1
WING,28.1,40,1
WING,28.0,1,1
WING,25.5,6,1
WING,25.5,100,1
WING,25.6,2,1
WING,25.9,2,1
WING,25.9,12,1
WING,25.9,100,1
WING,26.0,50,1
WING,26.1,18,1
WING,26.9,1,1
WING,26.9,6,1
WING,26.9,72,1
WING,24.8,227,1
WING,26.9,122,1
WING,27.3,98,1
WING,27.5,1,1
WING,27.5,6,1
WING,27.7,5,1
WING,27.7,6,1
WING,27.7,10,1
WING,27.8,1,1
WING,27.8,95,1
WING,27.8,100,1
WING,27.9,1,1
WING,27.9,100,1
WING,27.3,2,1
WD,82.2,10,1
WD,82.0,8,1
WD,82.0,7,1
WD,67.0,7,1
WD,67.4,5,1
WD,67.5,1,1
WD,67.5,3,1
WD,67.5,6,1
WD,67.7,3,1
WD,68.0,20,1
WD,68.5,2,1
WD,68.5,8,1
WD,68.7,1,1
WD,68.7,3,1
WD,68.7,5,1
WD,68.7,9,1
WD,68.7,18,1
WD,68.7,33,1
WD,68.7,91,1
WD,68.7,119,1
WD,69.2,5,1
WD,69.9,21,1
WD,70.4,12,1
WD,70.4,13,1
WD,70.4,77,1
WD,70.5,10,1
WD,66.7,100,1
WD,66.5,19,1
WD,66.5,2,1
WD,66.0,1,1
WD,63.1,19,1
WD,63.1,100,1
WD,63.3,1,1
WD,63.3,6,1
WD,63.3,13,1
WD,63.5,45,1
WD,63.6,3,1
WD,63.6,14,1
WD,63.8,2,1
WD,63.8,5,1
WD,63.8,8,1
WD,70.5,21,1
WD,64.1,2,1
WD,64.1,7,1
WD,64.3,4,1
WD,64.3,5,1
WD,64.3,10,1
WD,64.3,100,1
WD,64.5,4,1
WD,65.3,74,1
WD,65.5,1,1
WD,65.5,4,1
WD,65.5,95,1
WD,65.6,6,1
WD,64.1,5,1
WD,71.6,100,1
WD,71.9,1,1
WD,71.9,6,1
WD,78.2,6,1
WD,78.2,25,1
WD,78.4,18,1
WD,78.4,19,1
WD,78.5,15,1
WD,78.5,33,1
WD,78.7,5,1
WD,78.7,18,1
WD,78.9,5,1
WD,79.0,3,1
WD,79.4,18,1
WD,77.8,3,1
WD,79.5,12,1
WD,79.7,10,1
WD,79.7,50,1
WD,80.0,100,1
WD,80.2,45,1
WD,80.2,100,1
WD,80.4,3,1
WD,80.7,1,1
WD,81.4,10,1
WD,81.4,20,1
WD,81.7,1,1
WD,81.7,10,1
WD,79.5,103,1
WD,62.8,80,1
WD,77.8,2,1
WD,77.0,100,1
WD,72.1,51,1
WD,72.1,56,1
WD,72.9,20,1
WD,73.0,100,1
WD,73.1,1,1
WD,73.6,100,1
WD,73.7,6,1
WD,74.1,2,1
WD,74.1,5,1
WD,74.3,5,1
WD,74.3,6,1
WD,77.3,5,1
WD,74.3,10,1
WD,74.8,75,1
WD,75.1,3,1
WD,75.1,5,1
WD,75.1,8,1
WD,75.1,13,1
WD,75.6,8,1
WD,75.8,60,1
WD,76.2,2,1
WD,76.8,1,1
WD,77.0,1,1
WD,77.0,16,1
WD,74.8,7,1
GRMN,39.9,7,1
GRMN,85.7,7,1
GRMN,9.0,35,1
DUOL,28.9,16,1
DUOL,28.9,2000,1
DUOL,29.0,1,1
DUOL,29.0,2,1
DUOL,29.0,8,1
DUOL,29.1,5,1
DUOL,29.1,9,1
DUOL,29.1,40,1
DUOL,29.3,2,1
DUOL,29.4,6,1
DUOL,29.4,30,1
DUOL,29.5,3,1
DUOL,29.7,10,1
DUOL,29.8,11,1
DUOL,30.3,1,1
DUOL,30.4,100,1
DUOL,31.6,2,1
DUOL,31.7,40,1
DUOL,31.7,60,1
DUOL,31.9,1,1
DUOL,31.9,20,1
DUOL,32.0,1,1
DUOL,32.1,100,1
DUOL,28.9,5,1
DUOL,32.3,3,1
DUOL,28.9,2,1
DUOL,28.4,1,1
CHRW,83.1,100,1
CHRW,84.3,1,1
CHRW,84.6,1,1
CHRW,85.4,1,1
CHRW,86.2,1,1
CHRW,86.2,15,1
CHRW,86.2,100,1
CHRW,86.6,38,1
CHRW,86.6,52,1
CHRW,92.8,7,1
DUOL,0.0,5,1
DUOL,22.5,10,1
DUOL,22.8,3,1
DUOL,23.4,1,1
DUOL,23.4,3,1
DUOL,24.3,2,1
DUOL,24.3,58,1
DUOL,25.2,100,1
DUOL,25.3,8,1
DUOL,25.7,1,1
DUOL,26.2,1,1
DUOL,27.2,1,1
DUOL,27.5,4,1
DUOL,28.8,1,1
CHRW,83.1,1,1
DUOL,32.3,100,1
DUOL,32.5,1,1
DUOL,34.4,73,1
DUOL,34.4,95,1
DUOL,34.4,100,1
DUOL,34.4,132,1
DUOL,34.5,10,1
DUOL,34.5,20,1
DUOL,34.6,100,1
DUOL,34.8,1,1
DUOL,34.8,23,1
DUOL,35.0,6,1
DUOL,35.0,10,1
DUOL,35.1,50,1
DUOL,35.1,100,1
DUOL,35.2,2,1
DUOL,35.2,15,1
DUOL,35.3,3,1
DUOL,35.3,14,1
DUOL,35.3,97,1
DUOL,35.3,100,1
DUOL,35.4,2,1
DUOL,35.4,3,1
DUOL,35.4,5,1
DUOL,35.4,7,1
DUOL,34.4,27,1
DUOL,32.4,100,1
DUOL,34.4,20,1
DUOL,34.4,12,1
DUOL,32.6,100,1
DUOL,32.7,6,1
DUOL,32.7,100,1
DUOL,32.8,1,1
DUOL,32.8,3,1
DUOL,33.1,7,1
DUOL,33.1,32,1
DUOL,33.2,1,1
DUOL,33.2,6,1
DUOL,33.7,1,1
DUOL,33.7,3,1
DUOL,33.7,10,1
DUOL,33.7,100,1
DUOL,33.8,2,1
DUOL,33.9,1,1
DUOL,33.9,26,1
DUOL,33.9,100,1
DUOL,34.0,11,1
DUOL,34.0,31,1
DUOL,34.2,30,1
DUOL,34.4,4,1
DUOL,34.4,5,1
DUOL,34.4,11,1
DUOL,34.4,13,1
DUOL,35.4,15,1
CHRW,82.7,63,1
CHRW,82.1,100,1
CHRW,71.5,3,1
CHRW,71.5,5,1
CHRW,71.9,2,1
CHRW,71.9,17,1
CHRW,71.9,62,1
CHRW,71.9,100,1
CHRW,72.1,1,1
CHRW,72.1,7,1
CHRW,72.1,17,1
CHRW,72.1,40,1
CHRW,72.1,62,1
CHRW,72.3,1,1
CHRW,72.3,3,1
CHRW,72.3,12,1
CHRW,72.4,37,1
CHRW,72.5,22,1
CHRW,72.6,100,1
CHRW,72.6,138,1
CHRW,72.7,1,1
CHRW,72.7,55,1
CHRW,72.7,67,1
CHRW,72.9,21,1
CHRW,73.0,2,1
CHRW,71.5,2,1
CHRW,73.0,7,1
CHRW,71.3,23,1
CHRW,71.3,5,1
CHRW,70.7,51,1
CHRW,70.9,1,1
CHRW,70.9,8,1
CHRW,70.9,10,1
CHRW,70.9,92,1
CHRW,71.1,1,1
CHRW,71.1,2,1
CHRW,71.1,10,1
CHRW,71.1,14,1
CHRW,71.1,20,1
CHRW,71.1,32,1
CHRW,71.1,40,1
CHRW,71.1,42,1
CHRW,71.1,43,1
CHRW,71.1,50,1
CHRW,71.1,55,1
CHRW,71.1,57,1
CHRW,71.1,62,1
CHRW,71.1,68,1
CHRW,71.1,86,1
CHRW,71.1,90,1
CHRW,71.1,92,1
CHRW,71.1,97,1
CHRW,71.3,6,1
CHRW,82.5,2,1
CHRW,73.0,9,1
CHRW,73.0,20,1
CHRW,75.0,1,1
CHRW,75.2,100,1
CHRW,75.4,5,1
CHRW,75.6,1,1
CHRW,75.6,10,1
CHRW,75.6,34,1
CHRW,75.6,37,1
CHRW,75.8,4,1
CHRW,75.9,1,1
CHRW,75.9,5,1
CHRW,75.9,67,1
CHRW,75.9,95,1
CHRW,75.9,100,1
CHRW,76.5,3,1
CHRW,76.5,10,1
CHRW,76.5,20,1
CHRW,76.6,10,1
CHRW,76.7,10,1
CHRW,76.9,5,1
CHRW,77.4,10,1
CHRW,77.4,20,1
CHRW,77.5,6,1
CHRW,78.0,10,1
CHRW,74.8,1,1
CHRW,73.0,10,1
CHRW,74.6,49,1
CHRW,74.5,20,1
CHRW,73.0,21,1
CHRW,73.0,99,1
CHRW,73.0,200,1
CHRW,73.4,1,1
CHRW,73.4,11,1
CHRW,73.4,12,1
CHRW,73.4,20,1
CHRW,73.5,100,1
CHRW,73.6,100,1
CHRW,73.8,1,1
CHRW,73.9,3,1
CHRW,74.0,2,1
CHRW,74.0,4,1
CHRW,74.0,9,1
CHRW,74.0,25,1
CHRW,74.0,30,1
CHRW,74.0,75,1
CHRW,74.2,10,1
CHRW,74.2,100,1
CHRW,74.4,15,1
CHRW,74.4,30,1
CHRW,74.4,85,1
CHRW,74.4,100,1
CHRW,74.6,2,1
CHRW,70.7,48,1
DUOL,35.4,20,1
DUOL,35.7,2,1
DUOL,49.2,4,1
DUOL,49.5,1,1
DUOL,49.7,1,1
DUOL,49.7,97,1
DUOL,51.4,97,1
DUOL,51.5,96,1
DUOL,51.8,5,1
DUOL,52.0,1,1
DUOL,52.0,37,1
DUOL,52.1,5,1
DUOL,52.1,31,1
DUOL,52.1,69,1
DUOL,52.2,3,1
DUOL,52.6,1,1
DUOL,52.7,3,1
DUOL,52.7,4,1
DUOL,52.7,31,1
DUOL,52.7,69,1
DUOL,52.7,200,1
DUOL,52.8,1,1
DUOL,52.8,3,1
DUOL,52.8,5,1
DUOL,52.8,95,1
DUOL,49.0,1,1
DUOL,52.9,52,1
DUOL,48.8,100,1
DUOL,48.0,1,1
DUOL,46.7,1,1
DUOL,46.7,5,1
DUOL,46.7,10,1
DUOL,46.7,38,1
DUOL,46.7,47,1
DUOL,46.8,1,1
DUOL,46.8,2,1
DUOL,47.0,2,1
DUOL,47.0,38,1
DUOL,47.0,200,1
DUOL,47.1,3,1
DUOL,47.1,19,1
DUOL,47.1,23,1
DUOL,47.1,32,1
DUOL,47.1,77,1
DUOL,47.2,1,1
DUOL,47.6,21,1
DUOL,47.6,79,1
DUOL,47.6,100,1
DUOL,47.6,200,1
DUOL,47.7,3,1
DUOL,47.8,1,1
DUOL,47.9,1,1
DUOL,48.2,3,1
DUOL,46.6,5,1
DUOL,53.4,5,1
DUOL,54.5,62,1
EW,17.7,33,1
EW,17.7,35,1
EW,17.7,100,1
EW,18.1,5,1
EW,18.1,100,1
EW,18.5,4,1
EW,18.5,64,1
EW,19.6,50,1
EW,19.6,100,1
EW,20.0,41,1
EW,20.4,50,1
EW,21.1,58,1
EW,21.5,1,1
EW,21.5,158,1
EW,22.3,27,1
EW,22.3,94,1
EW,22.6,12,1
EW,22.6,88,1
EW,23.0,22,1
EW,23.0,100,1
EW,23.4,5,1
EW,23.4,25,1
EW,23.8,97,1
EW,17.7,20,1
DUOL,53.6,4,1
EW,17.7,6,1
EW,16.4,100,1
DUOL,54.6,1,1
DUOL,54.6,50,1
DUOL,55.6,6,1
DUOL,55.8,17,1
DUOL,55.8,33,1
DUOL,55.9,6,1
DUOL,58.6,9,1
DUOL,58.6,16,1
DUOL,63.0,20,1
DUOL,63.5,2,1
DUOL,64.3,1,1
DUOL,64.4,112,1
DUOL,67.9,10,1
DUOL,69.4,1,1
DUOL,76.5,3,1
EW,0.0,31,1
EW,4.9,5,1
EW,9.4,1,1
EW,11.0,5,1
EW,12.1,100,1
EW,15.7,500,1
EW,15.8,100,1
EW,16.2,200,1
EW,17.7,1,1
DUOL,35.6,100,1
DUOL,46.6,1,1
DUOL,46.4,100,1
DUOL,38.2,3,1
DUOL,38.3,4,1
DUOL,38.5,1,1
DUOL,38.5,3,1
DUOL,38.8,10,1
DUOL,38.9,6,1
DUOL,38.9,7,1
DUOL,38.9,17,1
DUOL,38.9,59,1
DUOL,38.9,90,1
DUOL,38.9,193,1
DUOL,39.0,100,1
DUOL,39.2,79,1
DUOL,39.6,10,1
DUOL,39.8,10,1
DUOL,40.0,50,1
DUOL,40.0,100,1
DUOL,40.1,3,1
DUOL,40.2,100,1
DUOL,40.3,5,1
DUOL,40.4,4,1
DUOL,40.4,100,1
DUOL,40.5,58,1
DUOL,38.2,1,1
DUOL,41.1,2,1
DUOL,38.0,50,1
DUOL,37.7,10,1
DUOL,35.7,4,1
DUOL,35.7,100,1
DUOL,35.9,5,1
DUOL,36.0,1,1
DUOL,36.0,5,1
DUOL,36.0,44,1
DUOL,36.1,5,1
DUOL,36.4,1,1
DUOL,36.6,1,1
DUOL,36.7,3,1
DUOL,36.9,100,1
DUOL,37.1,2,1
DUOL,37.1,10,1
DUOL,37.1,100,1
DUOL,37.2,1,1
DUOL,37.2,9,1
DUOL,37.2,10,1
DUOL,37.2,19,1
DUOL,37.2,100,1
DUOL,37.3,1,1
DUOL,37.3,3,1
DUOL,37.4,15,1
DUOL,37.6,20,1
DUOL,37.9,3,1
DUOL,46.5,1,1
DUOL,41.3,67,1
DUOL,41.5,10,1
DUOL,43.2,5,1
DUOL,43.2,8,1
DUOL,43.2,21,1
DUOL,43.3,1,1
DUOL,43.4,1,1
DUOL,44.2,10,1
DUOL,44.8,100,1
DUOL,45.5,4,1
DUOL,45.5,14,1
DUOL,45.5,15,1
DUOL,45.5,100,1
DUOL,45.7,3,1
DUOL,45.7,23,1
DUOL,45.7,72,1
DUOL,45.7,100,1
DUOL,45.7,236,1
DUOL,45.9,100,1
DUOL,46.0,100,1
DUOL,46.1,3,1
DUOL,46.2,1,1
DUOL,46.3,10,1
DUOL,46.3,100,1
DUOL,46.4,2,1
DUOL,43.0,100,1
DUOL,41.5,2,1
DUOL,42.6,50,1
DUOL,42.4,1300,1
GRMN,33.4,3,1
DUOL,41.7,3,1
DUOL,41.7,16,1
DUOL,41.7,18,1
DUOL,41.7,20,1
DUOL,41.7,21,1
DUOL,42.1,3,1
DUOL,42.1,100,1
DUOL,42.2,1,1
DUOL,42.2,2,1
DUOL,42.2,3,1
DUOL,42.2,6,1
DUOL,42.2,20,1
DUOL,42.2,24,1
DUOL,42.2,27,1
DUOL,42.2,97,1
DUOL,42.3,2,1
DUOL,42.3,21,1
DUOL,42.3,79,1
DUOL,42.4,1,1
DUOL,42.4,132,1
DUOL,42.4,200,1
DUOL,42.4,700,1
DUOL,42.5,100,1
CHRW,70.7,10,1
CHRW,70.5,37,1
CHRW,70.5,9,1
ASH,19.4,500,1
ASH,19.9,2,1
ASH,19.9,19,1
ASH,19.9,25,1
ASH,19.9,28,1
ASH,20.4,3,1
ASH,20.4,6,1
ASH,20.4,11,1
ASH,20.4,12,1
ASH,20.4,50,1
ASH,20.4,77,1
ASH,20.4,100,1
ASH,20.4,103,1
ASH,20.8,1,1
ASH,20.9,1,1
ASH,20.9,10,1
ASH,21.3,3,1
ASH,21.3,10,1
ASH,21.3,100,1
ASH,21.3,103,1
ASH,21.8,6,1
ASH,21.8,8,1
ASH,21.8,100,1
ASH,19.4,150,1
ASH,21.8,200,1
ASH,19.4,100,1
ASH,19.4,60,1
ASH,17.5,19,1
ASH,17.5,58,1
ASH,17.5,74,1
ASH,17.5,78,1
ASH,17.5,81,1
ASH,17.5,91,1
ASH,18.0,1,1
ASH,18.0,2,1
ASH,18.2,1,1
ASH,18.2,100,1
ASH,18.5,1,1
ASH,18.5,2,1
ASH,18.7,100,1
ASH,19.0,1,1
ASH,19.0,26,1
ASH,19.1,1,1
ASH,19.2,100,1
ASH,19.4,1,1
ASH,19.4,2,1
ASH,19.4,8,1
ASH,19.4,10,1
ASH,19.4,18,1
ASH,19.4,20,1
ASH,19.4,99,1
ASH,17.5,10,1
ASH,22.3,3,1
ASH,22.3,10,1
ASH,26.7,4,1
ASH,26.8,100,1
ASH,27.0,5,1
ASH,27.0,12,1
ASH,27.0,100,1
ASH,27.3,12,1
ASH,28.7,500,1
ASH,29.1,100,1
ASH,29.9,88,1
ASH,29.9,100,1
ASH,30.8,31,1
ASH,30.8,41,1
ASH,30.8,100,1
ASH,31.3,9,1
ASH,31.3,14,1
ASH,31.3,23,1
ASH,31.3,84,1
ASH,31.3,100,1
ASH,31.5,100,1
ASH,31.7,1,1
ASH,31.8,1,1
ASH,31.8,7,1
ASH,31.8,13,1
ASH,26.5,188,1
ASH,22.3,5,1
ASH,26.5,100,1
ASH,26.5,31,1
ASH,22.3,31,1
ASH,22.3,34,1
ASH,22.3,78,1
ASH,22.3,130,1
ASH,22.3,141,1
ASH,22.7,8,1
ASH,22.7,9,1
ASH,23.2,3,1
ASH,23.2,6,1
ASH,23.2,94,1
ASH,23.2,97,1
ASH,23.2,98,1
ASH,23.2,100,1
ASH,23.7,25,1
ASH,23.9,1,1
ASH,23.9,100,1
ASH,24.2,9,1
ASH,24.2,100,1
ASH,24.4,100,1
ASH,24.6,1,1
ASH,25.1,12,1
ASH,26.5,2,1
ASH,26.5,10,1
ASH,26.5,79,1
ASH,32.9,6,1
ASH,17.5,9,1
ASH,17.5,2,1
ASH,8.8,47,1
ASH,9.0,49,1
ASH,9.0,50,1
ASH,9.5,2,1
ASH,9.5,29,1
ASH,9.5,100,1
ASH,10.0,1,1
ASH,10.0,2,1
ASH,10.0,4,1
ASH,10.0,6,1
ASH,10.0,9,1
ASH,10.0,10,1
ASH,10.0,18,1
ASH,10.0,22,1
ASH,10.0,30,1
ASH,10.0,60,1
ASH,10.2,110,1
ASH,10.4,1,1
ASH,10.4,10,1
ASH,10.4,97,1
ASH,10.9,5,1
ASH,10.9,10,1
ASH,10.9,22,1
ASH,8.1,100,1
ASH,10.9,93,1
ASH,8.1,29,1
ASH,8.1,1,1
ASH,0.9,3,1
ASH,0.9,100,1
ASH,2.1,100,1
ASH,3.3,25,1
ASH,3.8,100,1
ASH,4.3,5,1
ASH,4.5,85,1
ASH,4.7,100,1
ASH,6.4,100,1
ASH,6.6,53,1
ASH,7.1,1,1
ASH,7.1,2,1
ASH,7.1,4,1
ASH,7.1,39,1
ASH,7.1,53,1
ASH,7.1,61,1
ASH,7.1,64,1
ASH,7.1,146,1
ASH,7.6,2,1
ASH,7.6,4,1
ASH,7.6,14,1
ASH,7.6,34,1
ASH,7.6,50,1
ASH,8.1,6,1
ASH,17.5,4,1
ASH,10.9,98,1
ASH,11.1,100,1
ASH,13.7,77,1
ASH,13.7,79,1
ASH,13.7,150,1
ASH,14.2,2,1
ASH,14.2,49,1
ASH,14.7,66,1
ASH,14.9,4,1
ASH,15.6,2,1
ASH,15.6,4,1
ASH,15.6,12,1
ASH,15.6,14,1
ASH,15.6,15,1
ASH,15.6,50,1
ASH,15.6,79,1
ASH,15.6,400,1
ASH,16.1,10,1
ASH,16.6,3,1
ASH,16.6,5,1
ASH,17.1,1,1
ASH,17.1,3,1
ASH,17.1,13,1
ASH,17.1,14,1
ASH,17.5,1,1
ASH,13.7,54,1
ASH,10.9,100,1
ASH,13.7,24,1
ASH,13.7,18,1
ASH,11.4,2,1
ASH,11.4,3,1
ASH,11.4,97,1
ASH,11.8,2,1
ASH,11.8,10,1
ASH,11.8,51,1
ASH,11.8,77,1
ASH,12.3,2,1
ASH,12.3,10,1
ASH,12.3,25,1
ASH,12.3,100,1
ASH,12.8,1,1
ASH,12.8,2,1
ASH,12.8,5,1
ASH,12.8,9,1
ASH,12.8,11,1
ASH,12.8,26,1
ASH,12.8,79,1
ASH,12.8,100,1
ASH,13.3,100,1
ASH,13.5,31,1
ASH,13.7,2,1
ASH,13.7,9,1
ASH,13.7,22,1
ASH,32.9,16,1
ASH,32.9,78,1
ASH,32.9,100,1
CHRW,65.2,14,1
CHRW,65.5,2,1
CHRW,65.5,4,1
CHRW,65.5,7,1
CHRW,65.9,5,1
CHRW,65.9,7,1
CHRW,65.9,19,1
CHRW,65.9,95,1
CHRW,66.3,13,1
CHRW,66.5,12,1
CHRW,66.5,100,1
CHRW,66.7,1,1
CHRW,66.7,7,1
CHRW,66.7,26,1
CHRW,66.7,40,1
CHRW,66.9,4,1
CHRW,66.9,5,1
CHRW,66.9,36,1
CHRW,67.2,5,1
CHRW,67.2,6,1
CHRW,67.4,100,1
CHRW,67.5,10,1
CHRW,67.5,145,1
CHRW,65.1,1,1
CHRW,67.6,100,1
CHRW,64.7,200,1
CHRW,64.7,12,1
CHRW,62.0,5,1
CHRW,62.0,20,1
CHRW,62.0,78,1
CHRW,62.0,97,1
CHRW,62.2,3,1
CHRW,62.2,10,1
CHRW,62.2,12,1
CHRW,62.2,14,1
CHRW,62.2,15,1
CHRW,62.2,28,1
CHRW,62.2,75,1
CHRW,62.2,85,1
CHRW,62.2,90,1
CHRW,62.2,100,1
CHRW,62.4,22,1
CHRW,62.4,72,1
CHRW,62.8,100,1
CHRW,63.5,9,1
CHRW,64.5,16,1
CHRW,64.5,100,1
CHRW,64.7,6,1
CHRW,64.7,7,1
CHRW,64.7,9,1
CHRW,64.7,100,1
CHRW,61.8,71,1
CHRW,67.9,75,1
CHRW,68.3,13,1
CHRW,69.8,24,1
CHRW,69.8,25,1
CHRW,69.8,32,1
CHRW,69.8,59,1
CHRW,69.8,62,1
CHRW,69.8,75,1
CHRW,69.8,76,1
CHRW,70.1,1,1
CHRW,70.1,3,1
CHRW,70.1,9,1
CHRW,70.1,11,1
CHRW,70.1,15,1
CHRW,70.1,16,1
CHRW,70.1,22,1
CHRW,70.1,32,1
CHRW,70.1,78,1
CHRW,70.1,90,1
CHRW,70.1,97,1
CHRW,70.1,159,1
CHRW,70.2,200,1
CHRW,70.3,2,1
CHRW,70.3,12,1
CHRW,70.5,6,1
CHRW,69.8,20,1
CHRW,68.2,59,1
CHRW,69.8,6,1
CHRW,69.6,7,1
CHRW,68.4,19,1
CHRW,68.4,100,1
CHRW,68.8,20,1
CHRW,68.8,100,1
CHRW,69.0,1,1
CHRW,69.0,3,1
CHRW,69.0,10,1
CHRW,69.0,75,1
CHRW,69.0,95,1
CHRW,69.1,100,1
CHRW,69.2,5,1
CHRW,69.2,9,1
CHRW,69.3,100,1
CHRW,69.4,1,1
CHRW,69.4,5,1
CHRW,69.4,7,1
CHRW,69.4,10,1
CHRW,69.4,15,1
CHRW,69.4,30,1
CHRW,69.4,90,1
CHRW,69.5,100,1
CHRW,69.6,3,1
CHRW,69.6,6,1
CHRW,69.6,100,1
CHRW,61.8,65,1
CHRW,61.8,50,1
CHRW,61.8,27,1
ASH,41.7,59,1
ASH,42.2,7,1
ASH,42.7,100,1
ASH,43.8,1,1
ASH,44.4,1,1
ASH,45.0,15,1
ASH,45.5,1,1
ASH,46.4,21,1
ASH,46.9,30,1
ASH,49.3,10,1
ASH,49.5,18,1
ASH,51.7,3,1
ASH,51.7,6,1
ASH,51.7,20,1
ASH,51.7,56,1
ASH,51.7,80,1
ASH,51.7,103,1
ASH,51.7,154,1
ASH,52.1,7,1
ASH,52.1,35,1
ASH,52.1,90,1
ASH,52.1,94,1
ASH,52.1,97,1
ASH,40.8,41,1
ASH,52.1,106,1
ASH,40.3,67,1
ASH,39.3,10,1
ASH,33.6,1,1
ASH,33.6,4,1
ASH,33.6,5,1
ASH,33.6,40,1
ASH,33.9,5,1
ASH,34.1,7,1
ASH,34.1,37,1
ASH,34.1,38,1
ASH,34.1,90,1
ASH,34.1,92,1
ASH,34.1,107,1
ASH,34.6,2,1
ASH,34.6,46,1
ASH,35.1,1,1
ASH,35.1,3,1
ASH,35.1,35,1
ASH,35.1,44,1
ASH,35.1,67,1
ASH,35.5,10,1
ASH,36.5,8,1
ASH,37.9,1,1
ASH,37.9,3,1
ASH,38.4,100,1
ASH,39.3,13,1
ASH,52.6,6,1
ASH,55.0,1,1
ASH,55.9,1,1
CHRW,60.7,40,1
CHRW,61.1,75,1
CHRW,61.3,1,1
CHRW,61.3,2,1
CHRW,61.3,7,1
CHRW,61.3,8,1
CHRW,61.3,12,1
CHRW,61.3,15,1
CHRW,61.3,16,1
CHRW,61.3,28,1
CHRW,61.3,72,1
CHRW,61.3,76,1
CHRW,61.3,81,1
CHRW,61.3,100,1
CHRW,61.6,1,1
CHRW,61.6,9,1
CHRW,61.6,10,1
CHRW,61.8,3,1
CHRW,61.8,10,1
CHRW,61.8,13,1
CHRW,61.8,16,1
CHRW,61.8,17,1
CHRW,61.8,24,1
CHRW,60.7,28,1
CHRW,60.7,25,1
CHRW,60.7,7,1
CHRW,60.6,219,1
ASH,56.8,100,1
ASH,56.9,15,1
ASH,56.9,17,1
ASH,59.7,4,1
ASH,59.7,6,1
ASH,59.7,100,1
ASH,61.2,2,1
ASH,61.8,1,1
ASH,62.1,1,1
ASH,62.1,4,1
ASH,62.1,10,1
EW,24.2,1,1
ASH,62.1,22,1
ASH,62.6,1,1
ASH,63.0,1,1
ASH,63.0,40,1
ASH,100.0,1,1
CHRW,0.0,45,1
CHRW,0.0,175,1
CHRW,58.9,1,1
CHRW,59.7,8,1
CHRW,59.7,50,1
CHRW,59.7,72,1
CHRW,59.9,1,1
ASH,62.1,25,1
EW,24.2,7,1
DUOL,41.5,43,1
EW,24.2,45,1
GL,6.0,3,1
GL,6.6,20,1
GL,6.6,30,1
GL,6.6,98,1
GL,7.1,1,1
GL,7.3,4,1
GL,7.3,28,1
GL,8.0,4,1
GL,5.6,50,1
GL,8.0,7,1
GL,8.3,1,1
GL,8.6,1,1
GL,8.6,4,1
EW,24.2,10,1
GL,8.6,75,1
GL,8.6,100,1
GL,9.0,1,1
GL,9.0,10,1
GL,8.0,10,1
GL,5.6,3,1
GL,5.6,1,1
GL,5.3,3,1
GL,1.7,6,1
GL,2.3,15,1
GL,2.3,99,1
GL,2.7,7,1
GL,2.7,11,1
GL,2.7,100,1
GL,3.0,2,1
GL,3.0,15,1
GL,3.0,102,1
GL,3.0,114,1
GL,3.3,20,1
GL,3.3,50,1
GL,3.3,80,1
GL,3.7,10,1
GL,4.0,69,1
GL,4.7,22,1
GL,4.7,28,1
GL,5.0,7,1
GL,5.3,2,1
GL,9.0,14,1
GL,1.7,3,1
GL,9.3,6,1
GL,9.6,16,1
GL,14.1,1,1
GL,14.3,32,1
GL,14.3,47,1
GL,14.3,53,1
GL,14.3,100,1
GL,14.6,2,1
GL,14.6,6,1
GL,14.6,10,1
GL,14.0,7400,1
GL,14.6,61,1
GL,14.8,100,1
GL,14.8,618,1
GL,14.8,1100,1
GL,14.8,1500,1
GL,14.9,2,1
GL,15.0,3,1
GL,15.0,6,1
GL,15.0,23,1
GL,14.8,1,1
GL,14.0,7,1
GL,14.0,4,1
GL,14.0,2,1
GL,9.6,100,1
GL,9.6,300,1
GL,9.9,100,1
GL,10.0,3,1
GL,10.0,7,1
GL,10.0,13,1
GL,10.0,19,1
GL,10.6,9,1
GL,11.1,900,1
GL,11.1,1400,1
GL,11.1,2600,1
GL,11.3,1,1
GL,11.5,100,1
GL,11.5,300,1
GL,12.0,2,1
GL,13.1,5,1
GL,13.3,98,1
GL,13.6,50,1
GL,13.8,1,1
GL,9.5,200,1
GL,15.0,50,1
GL,1.7,2,1
GL,1.0,2,1
EW,45.3,45,1
EW,45.3,54,1
EW,45.3,77,1
EW,45.3,100,1
EW,45.7,25,1
EW,45.7,100,1
EW,45.8,200,1
EW,46.0,2,1
EW,45.3,33,1
EW,46.0,5,1
EW,46.0,25,1
EW,46.0,45,1
EW,46.0,99,1
EW,46.4,6,1
EW,46.4,7,1
EW,46.4,8,1
EW,46.4,200,1
EW,46.6,8,1
EW,46.0,9,1
EW,45.1,100,1
EW,44.9,186,1
EW,44.9,50,1
EW,43.0,73,1
EW,43.4,2,1
EW,43.4,4,1
EW,43.8,1,1
EW,43.8,6,1
EW,43.8,52,1
EW,43.8,90,1
EW,43.8,100,1
EW,44.2,6,1
EW,44.3,25,1
EW,44.5,45,1
EW,44.5,50,1
EW,44.5,72,1
EW,44.5,200,1
EW,44.9,2,1
EW,44.9,6,1
EW,44.9,9,1
EW,44.9,20,1
EW,44.9,34,1
EW,46.6,31,1
GL,1.7,1,1
EW,46.8,200,1
EW,47.0,200,1
EW,49.8,25,1
EW,49.8,50,1
EW,49.8,100,1
EW,50.8,3,1
EW,50.9,44,1
EW,50.9,100,1
EW,54.0,1,1
EW,54.3,25,1
EW,49.8,1,1
EW,57.4,20,1
EW,71.3,3,1
EW,100.0,1,1
EW,100.0,4424,1
EW,100.0,31634,1
EW,100.0,38934,1
EW,100.0,121375,1
GL,0.0,5,1
GL,0.3,2,1
EW,65.7,2,1
EW,49.4,155,1
EW,49.4,38,1
EW,49.4,7,1
EW,47.2,1,1
EW,47.2,21,1
EW,47.2,199,1
EW,47.5,100,1
EW,47.9,17,1
EW,47.9,100,1
EW,48.0,9,1
EW,48.1,1494,1
EW,48.3,1,1
EW,48.3,16,1
EW,48.6,12,1
EW,48.6,100,1
EW,48.7,13,1
EW,48.7,38,1
EW,48.7,45,1
EW,48.7,100,1
EW,49.1,12,1
EW,49.1,25,1
EW,49.4,4,1
EW,46.8,298,1
GL,15.0,68,1
GL,15.3,2,1
GL,15.3,21,1
GL,25.6,3,1
GL,25.6,5,1
GL,25.6,6,1
GL,25.6,7,1
GL,25.6,10,1
GL,25.6,21,1
GL,25.6,31,1
GL,25.6,40,1
GL,25.2,100,1
GL,25.6,41,1
GL,25.6,81,1
GL,25.6,100,1
GL,25.9,3,1
GL,25.9,5,1
GL,25.9,18,1
GL,25.9,20,1
GL,25.9,23,1
GL,25.9,32,1
GL,25.6,80,1
GL,25.2,56,1
GL,25.2,32,1
GL,25.2,20,1
GL,24.3,9,1
GL,24.3,31,1
GL,24.4,100,1
GL,24.6,2,1
GL,24.6,5,1
GL,24.6,66,1
GL,24.8,1,1
GL,24.9,5,1
GL,24.9,8,1
GL,24.9,12,1
GL,24.9,20,1
GL,24.9,39,1
GL,24.9,100,1
GL,25.2,1,1
GL,25.2,2,1
GL,25.2,8,1
GL,25.2,9,1
GL,25.2,12,1
GL,25.2,14,1
GL,25.9,52,1
GL,24.3,4,1
GL,25.9,77,1
GL,25.9,99,1
GL,27.9,5,1
GL,28.2,1,1
GL,29.6,29,1
GL,29.9,1,1
GL,30.0,6,1
GL,30.9,2,1
GL,30.9,98,1
GL,31.2,3,1
GL,27.4,100,1
GL,31.2,100,1
GL,32.2,32,1
GL,33.9,1,1
GL,34.4,3,1
GL,46.5,5,1
GL,85.0,2,1
GL,100.0,1,1
GRMN,0.0,3,1
GRMN,9.0,15,1
GL,31.6,21,1
GL,27.2,100,1
GL,27.2,62,1
GL,27.2,29,1
GL,26.2,1,1
GL,26.2,3,1
GL,26.2,13,1
GL,26.2,19,1
GL,26.2,24,1
GL,26.2,26,1
GL,26.2,31,1
GL,26.2,32,1
GL,26.2,34,1
GL,26.2,50,1
GL,26.2,100,1
GL,26.2,200,1
GL,26.2,273,1
GL,26.6,2,1
GL,26.6,3,1
GL,26.6,50,1
GL,26.6,100,1
GL,26.7,100,1
GL,27.2,3,1
GL,25.9,80,1
GL,23.9,1270,1
GL,23.9,1181,1
GL,23.9,97,1
GL,19.3,27,1
GL,19.3,31,1
GL,19.3,32,1
GL,19.3,49,1
GL,19.3,53,1
GL,19.3,69,1
GL,19.8,100,1
GL,19.9,100,1
GL,19.3,12,1
GL,19.9,179,1
GL,20.4,1,1
GL,20.6,90,1
GL,20.9,10,1
GL,20.9,12,1
GL,20.9,16,1
GL,20.9,19,1
GL,20.9,62,1
GL,20.9,900,1
GL,20.3,14,1
GL,18.9,6,1
GL,18.8,2,1
GL,18.6,57,1
GL,15.3,47,1
GL,15.3,53,1
GL,15.3,70,1
GL,15.3,94,1
GL,15.4,1,1
GL,15.6,1,1
GL,15.6,2,1
GL,15.9,3,1
GL,16.9,10,1
GL,16.9,20,1
GL,16.9,100,1
GL,17.9,3,1
GL,17.9,75,1
GL,18.3,3,1
GL,18.4,1,1
GL,18.6,1,1
GL,18.6,18,1
GL,18.6,24,1
GL,18.6,47,1
GL,21.3,2,1
GL,21.3,15,1
GL,21.3,28,1
GL,21.3,31,1
GL,22.9,98,1
GL,23.3,4,1
GL,23.3,10,1
GL,23.3,24,1
GL,23.3,33,1
GL,23.3,78,1
GL,23.3,82,1
GL,23.4,29,1
GL,23.6,7,1
GL,23.6,10,1
GL,23.6,19,1
GL,23.6,32,1
GL,23.6,33,1
GL,23.6,95,1
GL,23.9,4,1
GL,23.9,20,1
GL,23.9,29,1
GL,23.9,43,1
GL,23.9,49,1
GL,22.9,50,1
EW,43.0,34,1
GL,22.9,30,1
GL,22.9,10,1
GL,21.6,60,1
GL,21.6,100,1
GL,21.9,1,1
GL,21.9,8,1
GL,21.9,18,1
GL,21.9,32,1
GL,21.9,116,1
GL,22.1,2,1
GL,22.3,2,1
GL,22.3,3,1
GL,22.3,5,1
GL,22.3,9,1
GL,22.3,15,1
GL,22.3,58,1
GL,22.6,3,1
GL,22.6,4,1
GL,22.6,55,1
GL,22.8,2,1
GL,22.8,100,1
GL,22.9,13,1
EW,43.0,25,1
GL,8.6,50,1
EW,43.0,11,1
EW,38.1,4,1
EW,37.7,93,1
EW,37.7,52,1
EW,37.7,3,1
EW,37.5,2,1
EW,37.4,100,1
EW,37.4,99,1
EW,37.2,18,1
EW,37.0,100,1
EW,36.7,50,1
EW,36.6,90,1
EW,36.6,14,1
EW,36.6,10,1
EW,36.2,143,1
EW,38.1,21,1
EW,36.2,54,1
EW,36.2,10,1
EW,36.2,7,1
EW,36.2,1,1
EW,36.0,100,1
EW,35.8,100,1
EW,35.8,82,1
EW,35.1,48,1
EW,34.7,200,1
EW,34.7,132,1
EW,34.7,100,1
EW,43.0,16,1
EW,34.7,47,1
EW,34.7,15,1
EW,34.7,10,1
EW,36.2,27,1
EW,34.7,7,1
EW,38.1,39,1
EW,38.5,13,1
EW,41.1,93,1
EW,41.1,50,1
EW,41.1,15,1
EW,41.1,10,1
EW,41.1,5,1
EW,40.8,15,1
EW,40.4,200,1
EW,40.4,84,1
EW,40.4,68,1
EW,40.4,16,1
EW,40.4,10,1
EW,40.0,143,1
EW,39.9,89,1
EW,39.9,1,1
EW,38.3,300,1
EW,39.6,50,1
EW,39.6,17,1
EW,39.6,10,1
EW,39.2,112,1
EW,39.2,74,1
EW,39.2,61,1
EW,39.2,25,1
EW,39.2,1,1
EW,39.1,157,1
EW,39.1,50,1
EW,38.9,200,1
EW,38.9,100,1
EW,38.9,1,1
EW,38.5,75,1
EW,38.5,51,1
EW,39.6,32,1
EW,34.7,6,1
EW,34.3,155,1
EW,34.0,300,1
EW,30.2,40,1
EW,30.2,10,1
EW,29.8,100,1
EW,29.4,45,1
EW,29.4,11,1
EW,29.4,1,1
EW,29.1,100,1
EW,28.7,67,1
EW,28.3,7,1
EW,27.9,67,1
EW,27.9,22,1
EW,27.5,100,1
EW,27.5,89,1
EW,27.5,1,1
EW,30.6,1,1
EW,26.0,4680,1
EW,26.0,48,1
EW,26.0,15,1
EW,26.0,10,1
EW,26.0,7,1
EW,26.0,6,1
EW,26.0,5,1
EW,24.9,100,1
EW,24.6,10,1
EW,24.5,56,1
EW,24.5,44,1
EW,24.5,33,1
EW,24.5,6,1
EW,24.5,3,1
EW,24.2,52,1
EW,26.0,52,1
EW,30.9,19,1
EW,30.9,32,1
EW,30.9,36,1
EW,34.0,50,1
EW,34.0,43,1
EW,34.0,16,1
EW,34.0,8,1
EW,33.6,53,1
EW,33.6,15,1
EW,33.6,4,1
EW,33.2,100,1
EW,33.0,2,1
EW,32.8,50,1
EW,32.8,15,1
EW,32.5,50,1
EW,32.5,12,1
EW,32.5,2,1
EW,32.5,1,1
EW,32.1,86,1
EW,32.1,50,1
EW,30.9,44,1
EW,30.9,56,1
EW,30.9,68,1
EW,30.9,90,1
EW,31.3,100,1
EW,31.7,4,1
EW,41.1,200,1
EW,31.7,9,1
EW,31.7,36,1
EW,31.7,39,1
EW,31.7,78,1
EW,31.7,180,1
EW,32.1,2,1
EW,32.1,10,1
EW,31.7,30,1
EW,41.5,99,1
ZM,100.0,10,1
EW,42.6,53,1
EW,41.9,38,1
EW,41.9,25,1
EW,41.9,19,1
EW,41.9,31,1
EW,41.9,46,1
EW,42.3,108,1
EW,42.3,85,1
EW,42.6,33,1
EW,41.9,37,1
EW,41.9,11,1
EW,42.3,150,1
EW,43.0,1,1
EW,42.6,34,1
EW,42.6,25,1
EW,42.6,13,1
EW,42.3,50,1
EW,41.9,50,1
EW,43.0,2,1
EW,42.6,59,1
EW,41.9,34,1
EW,42.6,8,1
GRMN,85.4,2,2
GL,22.9,1,2
WING,47.5,1,2
NTRS,83.1,100,2
GRMN,85.7,1,2
ASH,34.1,10,2
WING,100.0,1,2
WING,47.1,1,2
GL,22.9,100,2
WD,51.8,1,2
NTRS,80.4,100,2
WING,49.0,55,2
WING,49.0,30,2
WING,49.0,15,2
LDOS,38.0,1,2
ASH,30.6,100,2
GRMN,85.4,100,2
GRMN,85.6,4,2
GRMN,85.5,1,2
NTRS,83.4,9,2
ASH,31.3,2,2
NTRS,66.4,100,2
GRMN,85.5,4,2
GRMN,85.5,30,2
PCGU,52.9,8,2
WING,48.5,1,2
GL,22.3,100,2
GL,22.6,1,2
GL,23.3,9,2
LDOS,35.7,2,2
ASH,26.5,12,2
GL,23.6,43,2
ASH,22.3,22,2
ASH,22.3,8,2
ZM,33.4,2,2
DUOL,52.4,2,2
GL,23.6,100,2
ASH,22.3,1,2
PCGU,46.9,1,2
EW,42.6,1,2
ZM,33.8,1,2
GRMN,84.9,10,2
EW,30.9,100,2
LDOS,45.7,1,2
GRMN,84.9,3,2
GL,24.3,2,2
PCGU,47.4,1,2
ZM,30.1,10,2
GRMN,85.1,1,2
ASH,22.3,102,2
PCGU,50.1,5,2
NTRS,66.7,2,2
ASH,25.1,100,2
DUOL,52.0,3,2
ASH,23.7,100,2
ZM,19.4,10,2
ASH,23.7,1,2
GRMN,85.3,4,2
GRMN,85.2,1,2
GL,23.6,4,2
GRMN,85.1,100,2
EW,31.7,32,2
ZM,26.8,10,2
GRMN,85.1,30,2
GRMN,85.1,15,2
GRMN,85.1,10,2
ZM,26.4,1,2
ASH,26.5,6,2
DUOL,29.1,20,2
DUOL,35.4,10,2
NTRS,74.8,50,2
GL,19.3,1,2
GRMN,87.2,4,2
WING,38.8,200,2
GL,19.3,13,2
GL,19.3,15,2
PCGU,58.9,5,2
LDOS,37.1,100,2
WING,39.7,5,2
ASH,59.2,100,2
ASH,57.3,100,2
WING,39.8,1,2
GL,19.6,1,2
GRMN,86.7,2,2
GL,19.6,100,2
WING,38.8,3,2
ASH,63.0,2,2
WD,54.8,1,2
CHRW,0.0,60,2
GL,16.3,5,2
GL,16.9,2,2
CHRW,61.3,9,2
GRMN,87.9,4,2
EW,35.8,90,2
GRMN,87.8,6,2
WING,36.5,100,2
ASH,54.0,100,2
NTRS,67.0,1,2
NTRS,66.7,900,2
EW,35.1,1,2
GL,18.4,100,2
WD,54.8,5,2
EW,46.0,10,2
PCGU,60.2,2,2
WING,37.9,100,2
EW,35.8,18,2
EW,34.7,1,2
GL,20.3,1,2
ASH,52.1,65,2
ASH,44.5,100,2
DUOL,47.1,26,2
GRMN,86.1,1,2
GRMN,86.0,2,2
GRMN,86.0,1,2
ASH,41.7,41,2
ASH,40.6,1,2
ASH,45.0,1,2
GL,21.3,10,2
DUOL,47.1,74,2
PCGU,55.9,1,2
WING,44.3,100,2
WING,44.4,200,2
WD,47.2,5,2
WD,52.1,50,2
ASH,34.6,100,2
GL,21.3,13,2
GRMN,85.8,1,2
WING,42.5,50,2
WING,41.8,100,2
WING,40.0,22,2
ASH,52.1,3,2
ASH,51.7,97,2
GRMN,86.3,43,2
GRMN,86.3,30,2
WING,40.5,99,2
WING,40.8,100,2
LDOS,35.7,3,2
WING,41.1,10,2
GRMN,86.3,10,2
WING,41.1,2393,2
ASH,46.9,1983,2
WING,41.7,1,2
DUOL,47.1,5,2
ASH,46.9,1,2
DUOL,47.1,18,2
GRMN,86.3,15,2
ZM,37.1,1,2
ASH,19.7,100,2
ZM,37.1,3,2
DUOL,34.2,5,2
ASH,10.9,4,2
ASH,10.9,1,2
ASH,10.7,100,2
NTRS,93.6,100,2
ASH,10.4,3,2
GRMN,82.2,44,2
ZM,72.9,10,2
DUOL,34.2,100,2
ZM,73.2,10,2
ASH,10.0,100,2
EW,20.0,100,2
NTRS,93.0,100,2
ZM,76.9,12,2
EW,26.0,4,2
EW,43.4,50,2
ASH,10.9,50,2
ZM,67.2,5,2
EW,26.0,12,2
GL,26.2,2,2
ASH,12.1,100,2
ASH,11.8,100,2
ZM,66.9,2,2
GL,26.2,10,2
ZM,66.9,4,2
GRMN,82.6,100,2
EW,20.4,100,2
EW,17.7,40,2
ZM,66.9,50,2
GRMN,82.5,100,2
EW,17.7,67,2
NTRS,65.4,100,2
GRMN,82.2,35467,2
GL,26.2,25,2
ASH,10.9,97,2
ASH,11.4,100,2
ZM,66.6,20,2
GRMN,82.2,5,2
ZM,77.3,6,2
NTRS,91.1,9,2
GL,31.2,5,2
NTRS,61.6,50,2
ZM,90.0,10,2
ZM,90.3,4,2
GRMN,80.9,1,2
ZM,90.3,10,2
NTRS,92.2,2,2
ZM,90.3,50,2
EW,43.0,100,2
ZM,90.3,100,2
NTRS,91.1,100,2
ZM,92.0,1,2
EW,23.4,19,2
ZM,97.0,1,2
ASH,7.1,100,2
NTRS,61.3,50,2
NTRS,61.3,7,2
ZM,83.6,15,2
GRMN,82.2,3,2
ZM,77.6,1,2
GRMN,82.1,2,2
EW,21.5,100,2
WD,41.1,100,2
ASH,9.5,1,2
EW,21.9,1,2
ZM,76.9,200,2
EW,21.9,100,2
ZM,80.3,12,2
GRMN,81.8,1,2
GRMN,81.7,100,2
ASH,8.1,3,2
ASH,7.6,100,2
ZM,83.6,5,2
NTRS,92.2,100,2
GRMN,81.9,1,2
GRMN,82.9,15,2
EW,43.8,50,2
EW,26.0,45086,2
ZM,45.5,10,2
EW,29.4,100,2
ZM,46.5,10,2
ZM,46.8,6,2
ZM,47.5,10,2
ZM,50.0,20,2
NTRS,88.2,9,2
ZM,50.2,10,2
EW,44.5,1,2
GL,25.6,1,2
PCGU,11.2,5,2
GL,25.6,9,2
ZM,51.8,3,2
DUOL,76.5,1,2
GRMN,83.9,15,2
NTRS,88.2,4,2
NTRS,88.2,2,2
GL,25.2,4,2
GL,25.2,3,2
ASH,19.9,100,2
ZM,37.1,10,2
PCGU,43.1,211,2
ZM,37.5,5,2
ZM,38.1,6,2
DUOL,27.5,3,2
ZM,38.8,5,2
ASH,17.1,2,2
GRMN,84.7,10,2
ZM,41.8,5,2
LDOS,52.4,1,2
ZM,42.1,10,2
GRMN,84.4,100,2
DUOL,54.8,1,2
ASH,19.0,50,2
LDOS,57.1,1,2
ASH,19.4,50,2
ASH,16.6,100,2
GL,25.6,20,2
GRMN,83.8,100,2
ASH,13.7,99,2
ZM,62.5,10,2
ASH,13.7,28,2
NTRS,88.2,48,2
ZM,63.5,5,2
WD,43.5,2,2
GRMN,83.2,20,2
ASH,13.7,100,2
GRMN,83.2,15,2
ASH,13.7,1,2
GRMN,83.2,8,2
ASH,13.3,6,2
ZM,65.6,1,2
WD,36.7,15,2
ZM,66.2,6,2
ASH,12.8,10,2
ZM,64.9,5,2
ASH,20.4,2,2
GRMN,83.3,100,2
ASH,14.5,200,2
ASH,16.6,2,2
ZM,53.5,6,2
ASH,16.6,1,2
PCGU,6.8,36,2
LDOS,61.1,1,2
EW,0.0,5,2
DUOL,33.3,1,2
EW,9.8,1,2
EW,28.7,100,2
ZM,59.2,6,2
ASH,15.6,9,2
EW,44.2,100,2
GL,25.9,1,2
ZM,60.2,1,2
ZM,60.2,6,2
GRMN,83.7,20,2
GL,25.6,88,2
PCGU,63.8,5,2
WD,31.5,56,2
LDOS,31.7,100,2
WD,20.8,100,2
PCGU,79.6,3,2
WD,67.2,5,2
NTRS,72.3,2,2
LDOS,31.2,100,2
EW,40.4,1,2
CHRW,69.0,100,2
NTRS,69.9,1,2
LDOS,31.3,2,2
NTRS,72.1,100,2
LDOS,31.3,10,2
CHRW,69.2,100,2
DUOL,42.2,18,2
DUOL,42.2,10,2
DUOL,36.0,95,2
WING,23.4,100,2
CHRW,72.4,100,2
DUOL,36.0,56,2
CHRW,69.4,20,2
LDOS,31.7,2,2
CHRW,69.4,62,2
DUOL,36.0,12,2
WD,68.3,100,2
CHRW,82.5,1,2
DUOL,42.2,5,2
DUOL,36.0,45,2
WD,56.0,5,2
EW,38.5,25,2
LDOS,34.1,10,2
PCGU,79.0,20,2
CHRW,86.6,9142,2
LDOS,36.1,1,2
DUOL,36.3,1,2
WD,26.2,8,2
PCGU,74.4,500,2
NTRS,68.1,1,2
LDOS,30.3,1,2
PCGU,74.7,100,2
EW,48.7,1,2
LDOS,30.3,3,2
CHRW,73.6,2,2
CHRW,66.9,1,2
LDOS,35.9,1,2
CHRW,100.0,1,2
GL,11.3,100,2
NTRS,68.1,6,2
WD,64.1,100,2
WD,68.7,2,2
NTRS,72.3,100,2
DUOL,42.3,15,2
WD,30.6,1,2
CHRW,73.0,100,2
EW,57.4,10,2
CHRW,67.8,100,2
CHRW,67.9,26,2
LDOS,31.0,36,2
GL,10.0,20,2
GL,3.7,100,2
LDOS,31.2,4,2
EW,60.0,1,2
CHRW,68.6,100,2
WING,24.8,301,2
CHRW,68.8,40,2
LDOS,35.9,2,2
LDOS,34.8,100,2
GL,15.3,106,2
LDOS,31.9,3,2
CHRW,71.5,1,2
CHRW,70.5,30,2
GL,6.0,50,2
DUOL,39.7,100,2
CHRW,70.5,50,2
CHRW,70.5,94,2
CHRW,71.3,13,2
CHRW,70.6,100,2
WD,72.9,100,2
WD,11.0,1,2
CHRW,70.7,50,2
GL,6.0,2,2
CHRW,71.3,4,2
NTRS,70.2,1,2
LDOS,32.6,4,2
WD,78.5,10,2
LDOS,32.6,16,2
LDOS,32.6,20,2
DUOL,36.0,18,2
WD,56.2,9,2
CHRW,71.1,9,2
LDOS,33.2,5,2
DUOL,40.5,100,2
LDOS,36.4,2,2
LDOS,33.0,149,2
NTRS,70.5,100,2
DUOL,36.0,25,2
NTRS,70.2,100,2
LDOS,36.4,4,2
CHRW,82.7,100,2
LDOS,32.4,4,2
CHRW,70.5,1,2
LDOS,33.5,100,2
LDOS,34.1,1,2
DUOL,41.9,5,2
GL,2.3,1,2
DUOL,41.7,28,2
LDOS,31.9,16,2
WD,30.3,2,2
WD,88.5,5,2
CHRW,69.8,100,2
EW,38.5,100,2
DUOL,39.0,35,2
WD,88.3,1,2
EW,47.9,4,2
CHRW,70.1,10,2
GL,2.3,5697,2
WD,56.0,10,2
LDOS,32.2,3,2
WD,69.9,4,2
GL,7.6,6,2
GL,2.7,6,2
WD,70.2,100,2
GL,7.6,3,2
CHRW,70.1,31,2
GL,7.6,2,2
WD,14.9,1991,2
CHRW,70.1,69,2
EW,38.7,100,2
GL,7.3,2,2
CHRW,71.5,100,2
LDOS,32.4,1,2
DUOL,36.0,15,2
GL,2.7,4,2
WING,28.7,2,2
LDOS,33.0,25,2
WING,32.4,1,2
CHRW,64.2,100,2
GL,14.6,1,2
PCGU,71.1,50,2
LDOS,28.4,5,2
WING,33.8,50,2
WING,34.0,100,2
DUOL,44.2,100,2
NTRS,74.0,100,2
CHRW,64.7,8,2
LDOS,28.6,1,2
LDOS,28.6,2,2
CHRW,74.3,1,2
WING,30.6,1,2
LDOS,35.1,5,2
WD,55.5,1,2
WING,34.1,100,2
GL,14.1,300,2
CHRW,64.2,16,2
WD,55.3,5,2
DUOL,25.3,1,2
WD,30.8,2,2
CHRW,75.0,3,2
DUOL,24.3,1,2
EW,49.1,100,2
CHRW,62.0,100,2
LDOS,35.3,2,2
EW,46.4,2,2
EW,46.0,100,2
WD,30.6,4,2
LDOS,35.0,100,2
WD,27.8,1,2
DUOL,37.0,100,2
GL,15.0,19,2
GL,14.8,200,2
DUOL,43.2,2381,2
WD,55.0,99,2
LDOS,35.5,3,2
PCGU,64.3,5,2
WD,30.8,5,2
CHRW,62.0,25,2
WING,34.5,1,2
GRMN,91.0,1,2
EW,49.1,50,2
PCGU,72.2,500,2
WD,30.6,10,2
GRMN,90.4,1,2
WING,29.7,100,2
LDOS,36.8,4,2
WING,29.5,100,2
WD,31.5,1,2
GRMN,89.4,1,2
CHRW,61.6,23,2
GL,14.0,50,2
CHRW,61.6,100,2
EW,49.1,1,2
LDOS,34.8,10488,2
LDOS,29.5,1,2
WING,34.5,4,2
CHRW,74.0,5,2
CHRW,61.8,1,2
ZM,59.5,6,3
PCGU,59.9,0,3
CHRW,61.8,100,3
WD,55.0,5,3
ASH,15.2,1,3
EW,23.4,100,3
CHRW,62.0,1,3
GL,24.3,18,3
GRMN,87.0,80,3
EW,36.2,90,3
DUOL,40.8,2,3
ASH,15.6,1,3
DUOL,28.9,3,3
GL,19.3,100,3
ZM,100.0,1,3
WD,70.4,1,3
ZM,41.8,1,3
GRMN,84.7,1,3
GL,24.6,1,3
ZM,60.2,100,3
ZM,37.5,10,3
ASH,14.5,100,3
GL,8.0,2,3
PCGU,62.9,34,3
GL,8.0,1,3
CHRW,70.1,2,3
WING,32.8,15,3
WING,39.7,100,3
GL,25.9,4,3
EW,44.5,100,3
CHRW,72.0,100,3
GRMN,82.7,1,3
WD,54.5,5,3
PCGU,58.3,100,3
ZM,39.1,6,3
WD,37.2,1,3
GRMN,77.7,1,3
CHRW,70.9,100,3
GRMN,87.4,100,3
DUOL,64.6,1,3
ZM,54.2,6,3
NTRS,88.2,16,3
LDOS,36.4,1,3
ZM,50.5,1,3
WD,54.8,10,3
ASH,15.6,100,3
WD,79.7,5,3
LDOS,32.4,100,3
CHRW,70.7,30,3
GRMN,90.8,1,3
GRMN,73.3,36,3
GRMN,83.2,10,3
LDOS,32.6,12,3
GL,25.6,11,3
WD,27.5,4,3
CHRW,70.7,1,3
GL,25.9,100,3
EW,42.6,41,3
CHRW,71.0,100,3
CHRW,71.9,1,3
GRMN,87.9,6,3
CHRW,71.1,5,3
GRMN,77.6,1,3
WING,38.8,1,3
PCGU,64.0,6,3
EW,23.4,1,3
CHRW,70.5,5,3
CHRW,61.8,20,3
CHRW,71.1,3,3
CHRW,61.6,16,3
GRMN,82.9,100,3
CHRW,61.3,6,3
GRMN,83.0,100,3
WD,77.8,5,3
WD,78.0,5,3
NTRS,88.2,8,3
GRMN,73.3,100,3
NTRS,66.7,100,3
CHRW,71.7,5,3
GRMN,85.8,3,3
LDOS,31.9,10,3
GRMN,85.5,10,3
WD,64.3,1,3
GRMN,85.5,3,3
ASH,31.3,1,3
EW,49.4,200,3
NTRS,67.5,100,3
EW,40.8,100,3
LDOS,29.3,2,3
GL,11.0,200,3
WING,42.9,100,3
WD,65.0,4,3
CHRW,68.0,100,3
CHRW,64.9,100,3
LDOS,31.2,1,3
EW,44.9,100,3
CHRW,68.3,100,3
EW,37.7,1,3
DUOL,35.4,1,3
GL,23.3,1,3
LDOS,31.2,10,3
WD,53.1,5,3
NTRS,67.8,100,3
WING,32.7,15,3
WING,48.7,100,3
EW,45.3,1,3
WING,44.8,100,3
GL,21.9,2,3
ASH,8.5,1,3
GL,21.9,100,3
EW,22.3,1,3
WING,46.7,1,3
EW,37.7,100,3
GRMN,85.8,7,3
GL,22.3,1,3
ASH,34.1,3,3
CHRW,66.7,8,3
ZM,80.3,1,3
WD,30.6,5,3
EW,22.3,6,3
GRMN,85.6,2,3
WING,48.4,1,3
EW,38.1,1,3
EW,32.1,100,3
PCGU,78.2,2,3
DUOL,47.1,100,3
LDOS,34.8,10,3
EW,41.9,100,3
ASH,26.5,1,3
GRMN,85.2,100,3
NTRS,88.5,50,3
DUOL,35.7,1,3
PCGU,71.7,0,3
WING,0.2,1,3
ZM,33.4,3,3
ZM,67.2,6,3
CHRW,69.4,100,3
LDOS,31.7,10,3
EW,49.4,25,3
GL,20.3,100,3
ASH,51.7,100,3
GL,23.9,2,3
GRMN,84.9,100,3
ASH,21.8,2,3
EW,38.5,1,3
EW,31.3,1,3
CHRW,74.6,100,3
ASH,52.1,100,3
CHRW,72.1,100,3
GRMN,84.9,2,3
NTRS,67.0,4,3
DUOL,35.3,5,3
CHRW,62.2,86,3
ZM,76.9,5,3
GL,20.6,100,3
WING,41.8,1,3
ASH,24.6,100,3
NTRS,83.4,19,3
CHRW,73.0,1,3
GL,23.3,100,3
CHRW,64.5,1,3
GRMN,85.2,5,3
ZM,26.4,6,3
WING,31.5,1,3
CHRW,64.0,100,3
GL,20.9,1,3
WING,40.5,1,3
NTRS,92.2,10,3
ASH,10.9,3,3
PCGU,81.2,100,3
EW,38.1,100,3
ASH,22.7,100,3
ZM,26.8,1,3
DUOL,52.2,4,3
GRMN,83.2,100,4
NTRS,92.2,3,4
ZM,80.3,6,4
ZM,78.9,5,4
EW,40.4,100,4
ZM,90.3,1,4
CHRW,74.6,1,4
ASH,10.9,7,4
ASH,7.6,1,4
WD,68.5,5,4
CHRW,74.0,1,4
EW,41.9,6,4
LDOS,37.0,3,4
LDOS,33.0,1,4
NTRS,71.5,50,4
GL,23.9,100,4
EW,44.9,1,4
GL,23.9,1,4
ZM,33.4,6,4
DUOL,42.2,9,4
DUOL,52.3,1,4
WING,24.8,1,4
EW,42.3,100,4
DUOL,52.1,1,4
ASH,26.5,4,4
WING,24.8,100,4
GL,23.3,2,4
DUOL,42.2,100,4
LDOS,45.7,10,4
PCGU,78.5,16,4
GRMN,85.5,100,4
WING,45.8,1,4
WING,44.6,1,4
GRMN,85.8,10,4
GRMN,85.8,100,4
WING,43.6,100,4
WING,42.7,100,4
WD,54.3,5,4
GL,14.8,400,4
WING,39.8,100,4
GL,15.3,1,4
PCGU,61.3,6,4
WING,35.4,15,4
WING,35.3,100,4
WING,27.4,7,4
GL,24.9,1,4
NTRS,83.4,2,4
ASH,14.7,100,4
GL,25.9,2,4
ZM,53.8,6,4
CHRW,86.6,1,4
CHRW,70.5,100,4
ASH,18.0,100,4
GRMN,83.9,100,4
EW,30.9,1,4
PCGU,37.6,9,4
NTRS,88.2,10,4
DUOL,35.2,3,4
LDOS,36.6,1,4
WD,56.0,100,4
EW,40.4,25,5
WING,24.8,91,5
ASH,63.0,20,5
EW,42.6,100,5
DUOL,100.0,1,5
GRMN,83.1,1,5
ZM,78.6,5,5
WING,27.5,7,5
EW,39.2,100,5
ASH,30.8,1,5
WING,38.8,50,5
NTRS,69.9,100,5
DUOL,36.0,100,5
EW,49.4,50,5
WING,44.4,100,5
GL,14.8,300,5
LDOS,32.1,100,5
DUOL,29.4,4,5
DUOL,46.3,5,5
ASH,34.1,100,5
NTRS,87.1,2,5
CHRW,61.3,50,5
ZM,33.4,10,5
CHRW,66.7,100,5
PCGU,71.7,6514,5
EW,49.4,100,5
GL,24.3,1,5
ZM,41.8,10,5
ZM,52.5,5,5
CHRW,70.7,100,6
CHRW,66.1,100,6
WING,27.5,3,6
ZM,52.2,6,6
WING,48.9,1,6
ZM,66.9,10,6
GL,27.2,1,6
ZM,38.5,6,6
LDOS,48.2,1,6
CHRW,70.1,50,6
EW,43.4,100,6
WD,14.9,1,6
GRMN,85.0,100,6
DUOL,40.8,1,6
PCGU,81.2,6,6
ZM,28.4,10,6
GL,20.9,100,6
PCGU,59.9,100,6
ZM,90.6,6,6
WING,48.9,100,6
EW,41.9,1,7
GL,14.8,500,7
ASH,17.5,100,7
ZM,33.4,5,7
CHRW,71.1,100,7
GRMN,91.9,1,7
PCGU,74.4,100,7
WING,28.3,1,7
NTRS,71.3,10,7
ASH,22.3,100,7
CHRW,62.2,1,7
ASH,10.9,2,7
ZM,70.2,5,7
LDOS,31.7,1,7
ZM,78.6,6,8
DUOL,52.7,1,8
GRMN,81.1,36,8
DUOL,41.7,5,8
GL,23.6,1,8
DUOL,62.1,1,8
DUOL,33.7,5,8
LDOS,35.7,1,9
LDOS,29.3,1,9
CHRW,70.1,100,9
GRMN,86.3,100,9
NTRS,87.1,10,9
GL,18.6,100,10
PCGU,53.1,100,10
ZM,76.9,6,11
WING,38.8,2,11
WING,40.0,100,11
LDOS,37.5,100,12
DUOL,29.4,5,12
PCGU,52.9,2,13
NTRS,89.3,3,13
GRMN,84.0,100,13
DUOL,24.1,1,14
EW,26.0,1,17
PCGU,53.1,101,17
GRMN,82.2,1,17
LDOS,35.5,5,18
WING,41.1,1,18
NTRS,88.2,100,18
DUOL,43.2,1,25
NTRS,75.8,4,30
LDOS,36.8,1,34
NTRS,75.8,10,50
LDOS,34.8,1,50
